frame_id,x1,y1,x2,y2,score
6,1103,626,1199,679,1.0
6,290,543,396,584,1.0
11,1077,528,1163,601,1.0
11,394,352,484,433,1.0
12,1076,513,1168,582,1.0
19,248,664,320,711,1.0
19,1046,397,1118,461,1.0
20,1043,385,1113,446,1.0
21,306,665,374,720,1.0
23,110,664,175,720,1.0
25,109,629,198,715,1.0
25,329,559,435,659,1.0
26,340,530,456,643,1.0
26,915,347,980,406,1.0
27,352,513,429,579,1.0
28,146,585,240,674,1.0
29,604,412,685,461,1.0
29,1199,360,1280,437,1.0
30,165,582,248,665,1.0
31,119,537,184,581,1.0
32,140,507,255,572,1.0
33,152,492,255,566,1.0
33,618,362,696,420,1.0
34,171,478,261,545,1.0
34,622,355,698,412,1.0
35,177,464,273,534,1.0
35,624,347,701,404,1.0
36,190,451,272,522,1.0
36,627,339,703,397,1.0
37,213,424,303,491,1.0
37,466,353,527,410,1.0
37,630,325,706,389,1.0
38,424,667,485,720,1.0
38,0,558,92,635,1.0
38,225,411,312,481,1.0
38,474,342,533,399,1.0
38,633,317,708,374,1.0
39,424,652,496,720,1.0
39,0,547,95,625,1.0
39,235,399,343,468,1.0
39,636,309,710,372,1.0
40,425,641,507,720,1.0
40,16,536,106,604,1.0
40,246,388,352,455,1.0
40,640,302,712,367,1.0
41,29,522,109,597,1.0
41,256,376,359,443,1.0
41,642,294,713,363,1.0
42,275,355,374,441,1.0
42,497,290,563,345,1.0
43,66,477,171,558,1.0
43,284,344,382,428,1.0
43,649,273,718,341,1.0
43,502,273,567,335,1.0
44,64,478,188,585,1.0
44,293,334,390,419,1.0
44,509,271,572,324,1.0
45,96,467,205,571,1.0
45,302,324,396,413,1.0
45,516,262,577,315,1.0
46,107,455,212,548,1.0
46,311,314,403,402,1.0
46,657,252,723,316,1.0
47,673,650,765,720,1.0
47,113,428,249,540,1.0
47,662,239,726,299,1.0
48,677,654,748,720,1.0
48,126,418,258,539,1.0
48,663,232,728,297,1.0
49,664,227,729,287,1.0
50,148,406,262,519,1.0
50,667,221,731,283,1.0
51,669,215,732,273,1.0
52,181,378,300,483,1.0
53,192,350,308,461,1.0
53,677,197,737,253,1.0
54,202,362,317,448,1.0
54,677,192,739,248,1.0
55,213,353,315,440,1.0
55,679,187,740,246,1.0
56,222,345,332,427,1.0
56,681,181,742,240,1.0
57,242,328,348,413,1.0
58,1188,492,1250,549,1.0
58,1175,414,1273,497,1.0
58,252,320,355,405,1.0
59,261,313,363,399,1.0
60,8,662,76,720,1.0
60,254,655,328,720,1.0
60,1178,459,1238,505,1.0
60,723,444,803,512,1.0
60,1165,385,1255,465,1.0
60,267,305,371,407,1.0
61,267,655,332,720,1.0
61,9,646,88,720,1.0
61,1162,370,1243,448,1.0
61,279,298,378,387,1.0
62,267,652,348,720,1.0
62,1151,342,1237,416,1.0
62,298,283,393,377,1.0
63,306,275,400,360,1.0
64,273,653,348,715,1.0
64,736,390,810,455,1.0
64,314,268,408,360,1.0
72,145,460,228,538,1.0
78,745,222,833,305,1.0
80,166,649,256,706,1.0
81,186,609,268,683,1.0
82,756,188,837,268,1.0
88,787,169,840,221,1.0
90,1209,677,1280,720,1.0
91,1209,656,1280,720,1.0
92,1220,654,1280,709,1.0
92,1154,614,1280,696,1.0
93,1122,594,1280,703,1.0
94,1116,576,1280,688,1.0
95,1111,558,1280,674,1.0
95,771,150,834,203,1.0
96,1168,640,1242,698,1.0
96,1106,540,1280,667,1.0
108,1174,648,1250,696,1.0
108,1142,578,1255,644,1.0
109,1165,626,1258,692,1.0
110,1157,605,1259,670,1.0
110,939,0,1022,68,1.0
111,1159,653,1258,694,1.0
111,1152,584,1237,647,1.0
111,1121,522,1244,578,1.0
111,1150,497,1280,559,1.0
111,1020,297,1280,537,1.0
112,1152,611,1280,657,1.0
112,1134,543,1258,606,1.0
112,1102,480,1227,539,1.0
112,1136,460,1280,522,1.0
112,1012,277,1280,516,1.0
112,300,148,425,265,1.0
113,1125,524,1244,585,1.0
113,1129,442,1280,501,1.0
113,1010,267,1280,520,1.0
113,294,147,415,258,1.0
114,1119,506,1243,565,1.0
114,1123,409,1280,482,1.0
114,1005,257,1280,501,1.0
114,294,143,413,257,1.0
115,1112,487,1232,549,1.0
115,294,140,410,256,1.0
115,605,0,749,128,1.0
116,1104,471,1223,530,1.0
116,999,240,1277,512,1.0
117,1085,478,1280,544,1.0
117,1092,436,1219,495,1.0
117,993,222,1274,485,1.0
117,661,0,753,91,1.0
118,1086,420,1208,480,1.0
118,1096,342,1264,400,1.0
118,989,214,1247,470,1.0
119,1081,443,1275,510,1.0
119,1080,405,1200,462,1.0
119,1090,328,1255,384,1.0
119,987,206,1238,447,1.0
119,675,0,757,72,1.0
120,1074,390,1198,447,1.0
120,984,198,1246,437,1.0
121,488,673,573,720,1.0
121,1068,376,1194,433,1.0
121,981,190,1239,427,1.0
122,476,647,573,720,1.0
122,1127,281,1204,329,1.0
122,295,168,352,225,1.0
122,899,0,973,51,1.0
123,472,632,573,720,1.0
123,1119,269,1213,317,1.0
123,974,167,1198,391,1.0
123,898,0,971,50,1.0
124,485,627,572,696,1.0
124,1119,259,1206,305,1.0
124,291,167,346,221,1.0
125,481,671,601,718,1.0
125,156,651,235,720,1.0
125,496,611,580,673,1.0
125,1107,248,1199,307,1.0
125,289,166,343,220,1.0
126,631,663,696,708,1.0
126,486,649,612,695,1.0
126,156,639,241,720,1.0
126,506,604,592,651,1.0
126,1104,238,1192,281,1.0
126,966,145,1177,356,1.0
127,636,683,719,720,1.0
127,486,666,603,720,1.0
127,637,620,707,663,1.0
127,507,607,622,652,1.0
127,527,552,607,609,1.0
127,661,449,743,497,1.0
127,966,131,1181,333,1.0
128,639,661,724,714,1.0
128,488,646,612,717,1.0
128,650,601,714,641,1.0
128,518,586,623,630,1.0
128,534,533,618,587,1.0
128,668,438,749,484,1.0
128,962,124,1175,322,1.0
129,642,636,730,692,1.0
129,489,627,613,699,1.0
129,646,579,718,620,1.0
129,524,566,628,609,1.0
129,542,522,700,577,1.0
129,669,424,747,469,1.0
129,960,118,1169,311,1.0
130,652,617,734,670,1.0
130,152,613,287,720,1.0
130,489,606,618,699,1.0
130,662,560,723,600,1.0
130,533,548,635,588,1.0
130,551,500,705,558,1.0
130,667,411,753,453,1.0
130,958,112,1163,300,1.0
131,165,612,287,717,1.0
131,652,597,737,651,1.0
131,507,584,625,656,1.0
131,665,541,728,581,1.0
131,541,530,642,569,1.0
131,559,473,710,543,1.0
131,672,400,758,441,1.0
131,959,106,1157,290,1.0
132,489,641,583,716,1.0
132,666,565,745,612,1.0
132,511,551,632,637,1.0
132,662,503,737,544,1.0
132,557,496,653,535,1.0
132,692,377,764,417,1.0
132,963,95,1146,271,1.0
133,674,548,749,594,1.0
133,660,489,741,528,1.0
133,564,480,660,518,1.0
133,581,435,725,491,1.0
133,685,365,766,404,1.0
133,962,89,1140,261,1.0
134,499,603,598,671,1.0
134,678,533,752,577,1.0
134,517,519,644,608,1.0
134,665,472,745,511,1.0
134,572,465,666,502,1.0
134,588,425,729,476,1.0
134,667,354,772,392,1.0
134,958,85,1136,252,1.0
135,683,517,752,560,1.0
135,671,455,749,496,1.0
135,578,450,671,487,1.0
135,594,408,733,461,1.0
135,666,343,774,397,1.0
135,962,79,1131,243,1.0
136,683,501,759,544,1.0
136,514,490,656,631,1.0
136,577,420,753,481,1.0
136,601,387,738,446,1.0
136,665,333,777,386,1.0
136,955,74,1126,234,1.0
137,527,539,622,595,1.0
137,693,473,766,515,1.0
137,558,463,664,536,1.0
137,674,415,760,453,1.0
137,589,396,681,446,1.0
137,613,315,789,420,1.0
137,954,106,1116,217,1.0
137,980,65,1114,148,1.0
138,651,673,763,712,1.0
138,697,459,770,500,1.0
138,537,450,670,576,1.0
138,619,307,795,407,1.0
138,952,96,1111,209,1.0
138,980,60,1104,143,1.0
139,672,444,772,487,1.0
139,549,437,672,559,1.0
139,624,298,792,395,1.0
139,954,107,1107,202,1.0
139,976,56,1100,136,1.0
140,664,574,784,672,1.0
140,694,433,776,474,1.0
140,608,360,770,415,1.0
140,630,289,796,382,1.0
140,950,104,1102,195,1.0
140,972,51,1095,130,1.0
141,670,575,784,655,1.0
141,698,420,779,461,1.0
141,559,414,673,526,1.0
141,613,282,796,403,1.0
141,949,106,1097,212,1.0
141,970,51,1090,124,1.0
142,677,570,781,620,1.0
142,700,397,784,434,1.0
142,606,390,688,454,1.0
142,619,324,780,379,1.0
142,646,266,798,348,1.0
142,945,107,1089,177,1.0
142,965,48,1087,114,1.0
143,585,380,709,480,1.0
143,698,325,788,379,1.0
143,625,317,700,365,1.0
143,650,258,813,338,1.0
143,943,107,1085,172,1.0
143,962,48,1082,110,1.0
144,593,369,696,467,1.0
144,709,316,790,358,1.0
144,629,305,709,358,1.0
144,655,251,807,327,1.0
144,941,104,1081,166,1.0
145,595,359,694,454,1.0
145,710,309,793,347,1.0
145,634,296,714,346,1.0
145,660,244,821,317,1.0
145,940,90,1077,161,1.0
146,639,287,772,347,1.0
146,664,236,824,308,1.0
146,937,95,1073,156,1.0
147,613,330,703,417,1.0
147,648,270,792,330,1.0
147,673,222,828,318,1.0
147,935,86,1065,145,1.0
147,946,14,1064,101,1.0
148,619,320,707,405,1.0
148,724,272,804,308,1.0
148,652,261,794,320,1.0
148,677,216,831,280,1.0
148,933,83,1061,140,1.0
148,948,15,1060,83,1.0
149,627,312,715,394,1.0
149,726,270,801,300,1.0
149,681,209,833,272,1.0
149,160,104,246,158,1.0
149,932,83,1057,134,1.0
150,700,447,809,493,1.0
150,628,303,714,383,1.0
150,660,246,804,302,1.0
150,684,203,832,263,1.0
150,154,103,240,157,1.0
150,930,85,1053,130,1.0
151,700,420,812,481,1.0
151,632,294,717,372,1.0
151,664,238,802,294,1.0
151,688,197,836,255,1.0
151,928,83,1049,155,1.0
151,955,37,1050,69,1.0
152,706,415,816,458,1.0
152,641,278,722,352,1.0
152,672,185,824,269,1.0
152,133,91,207,143,1.0
153,710,404,817,448,1.0
153,647,270,727,341,1.0
153,699,179,824,231,1.0
153,126,89,217,142,1.0
153,947,18,1040,54,1.0
154,712,396,819,435,1.0
154,652,262,729,331,1.0
154,679,208,824,261,1.0
154,702,173,825,223,1.0
154,118,87,210,142,1.0
154,945,0,1037,50,1.0
155,656,255,733,321,1.0
155,683,204,827,253,1.0
155,705,168,826,216,1.0
155,111,86,203,156,1.0
156,660,247,735,311,1.0
156,686,162,817,246,1.0
156,106,84,196,156,1.0
156,913,0,1031,54,1.0
157,716,356,828,396,1.0
157,714,153,818,195,1.0
157,87,70,182,156,1.0
158,675,227,743,285,1.0
158,718,147,820,189,1.0
158,80,69,174,152,1.0
159,1219,667,1280,720,1.0
159,731,340,831,375,1.0
159,699,172,834,217,1.0
159,721,141,822,182,1.0
159,73,69,166,151,1.0
160,723,136,823,176,1.0
160,68,68,158,142,1.0
161,1170,619,1280,710,1.0
161,734,322,834,358,1.0
161,726,130,824,169,1.0
161,65,68,139,129,1.0
162,1220,667,1280,720,1.0
162,733,120,827,157,1.0
162,60,67,122,124,1.0
163,735,115,829,150,1.0
164,1220,663,1280,720,1.0
164,740,111,830,145,1.0
165,742,106,831,147,1.0
166,743,102,845,166,1.0
167,1222,664,1280,720,1.0
167,702,205,837,250,1.0
167,903,32,996,65,1.0
168,1217,663,1280,720,1.0
168,903,29,993,62,1.0
169,31,681,92,720,1.0
169,709,192,841,236,1.0
169,902,26,991,58,1.0
170,901,24,989,54,1.0
171,715,179,842,222,1.0
171,901,20,987,51,1.0
172,16,647,91,720,1.0
172,5,525,111,573,1.0
172,113,524,187,579,1.0
173,0,513,115,565,1.0
173,113,511,216,572,1.0
173,901,12,981,42,1.0
174,3,501,118,557,1.0
174,114,499,225,568,1.0
174,901,9,979,38,1.0
175,902,6,976,35,1.0
176,20,476,237,560,1.0
177,0,517,113,573,1.0
177,42,454,254,530,1.0
177,896,0,970,27,1.0
178,0,503,118,573,1.0
178,52,443,262,520,1.0
179,129,630,222,720,1.0
179,0,489,155,573,1.0
179,62,432,267,505,1.0
180,1161,620,1266,686,1.0
180,1155,541,1280,642,1.0
180,0,476,173,573,1.0
180,72,422,273,492,1.0
181,1155,600,1280,669,1.0
181,1148,521,1280,620,1.0
181,0,464,176,573,1.0
181,81,412,282,484,1.0
182,884,660,989,720,1.0
182,736,651,907,720,1.0
182,1199,583,1280,622,1.0
182,1168,482,1280,579,1.0
182,0,440,192,554,1.0
182,1044,260,1280,492,1.0
183,881,641,989,720,1.0
183,735,632,922,720,1.0
183,1136,541,1280,603,1.0
183,1130,465,1280,560,1.0
183,0,429,208,563,1.0
183,1041,252,1280,474,1.0
184,884,640,986,711,1.0
184,735,622,924,718,1.0
184,1130,522,1280,583,1.0
184,1124,441,1280,541,1.0
184,0,418,212,526,1.0
184,116,375,302,437,1.0
184,1039,247,1280,468,1.0
185,774,673,900,720,1.0
185,901,640,986,693,1.0
185,114,623,224,715,1.0
185,722,607,926,720,1.0
185,1124,506,1280,567,1.0
185,11,407,217,555,1.0
185,1036,237,1279,448,1.0
186,121,598,229,699,1.0
186,724,592,926,720,1.0
186,0,493,153,554,1.0
186,1088,446,1280,551,1.0
186,21,397,223,579,1.0
186,134,357,314,417,1.0
187,904,645,982,720,1.0
187,908,582,974,632,1.0
187,724,571,918,720,1.0
187,836,560,906,615,1.0
187,0,377,238,575,1.0
188,885,640,984,720,1.0
188,724,569,926,720,1.0
188,832,557,916,607,1.0
188,1074,406,1280,503,1.0
188,0,334,332,565,1.0
188,1026,206,1280,457,1.0
189,776,652,910,720,1.0
189,885,640,982,720,1.0
189,779,608,876,651,1.0
189,1070,395,1280,486,1.0
189,9,327,333,556,1.0
189,1024,198,1280,442,1.0
190,778,644,910,720,1.0
190,885,640,983,720,1.0
190,1065,363,1280,471,1.0
190,19,320,341,545,1.0
190,1021,192,1280,428,1.0
191,885,640,982,716,1.0
191,780,628,924,699,1.0
191,836,574,906,615,1.0
191,806,528,928,569,1.0
191,1062,364,1280,458,1.0
191,30,313,342,535,1.0
191,1019,184,1280,416,1.0
192,776,669,877,720,1.0
192,922,653,991,720,1.0
192,775,549,927,615,1.0
192,50,299,350,507,1.0
193,886,656,992,720,1.0
193,733,570,910,720,1.0
193,771,535,930,615,1.0
193,1051,334,1259,420,1.0
193,59,293,354,495,1.0
193,1071,200,1266,379,1.0
194,890,640,989,720,1.0
194,739,570,922,720,1.0
194,771,520,930,596,1.0
194,68,287,358,485,1.0
194,1066,192,1259,367,1.0
195,881,640,989,720,1.0
195,736,570,927,720,1.0
195,749,460,930,587,1.0
195,77,281,361,474,1.0
196,881,640,984,720,1.0
196,737,570,927,720,1.0
196,734,453,930,574,1.0
196,85,274,363,463,1.0
197,899,640,977,688,1.0
197,908,592,984,647,1.0
197,738,570,927,720,1.0
197,835,567,916,607,1.0
197,738,466,930,563,1.0
197,102,262,360,447,1.0
198,836,622,927,691,1.0
198,908,592,980,647,1.0
198,738,457,930,554,1.0
198,1034,275,1218,349,1.0
198,109,256,371,472,1.0
198,1050,244,1224,311,1.0
198,1053,153,1221,241,1.0
199,787,672,846,720,1.0
199,908,592,980,648,1.0
199,739,445,920,554,1.0
199,1030,266,1212,339,1.0
199,117,250,350,462,1.0
199,1048,234,1219,298,1.0
199,1050,145,1222,238,1.0
200,795,525,930,590,1.0
200,786,434,912,515,1.0
200,1029,253,1209,328,1.0
200,124,244,376,457,1.0
200,1045,222,1213,291,1.0
200,999,108,1209,223,1.0
201,771,519,930,614,1.0
201,786,423,905,501,1.0
201,1026,249,1204,318,1.0
201,131,239,379,448,1.0
201,1043,213,1207,281,1.0
201,998,101,1204,214,1.0
202,799,518,931,610,1.0
202,753,485,886,554,1.0
202,786,402,901,476,1.0
202,1022,234,1194,297,1.0
202,144,228,383,431,1.0
202,1039,198,1197,259,1.0
202,994,91,1194,196,1.0
203,3,561,108,661,1.0
203,743,395,930,575,1.0
203,787,392,895,464,1.0
203,1020,227,1189,288,1.0
203,150,223,385,423,1.0
203,1036,184,1195,254,1.0
203,992,87,1190,186,1.0
204,805,506,930,562,1.0
204,748,460,905,554,1.0
204,787,383,892,452,1.0
204,1017,218,1184,279,1.0
204,156,218,386,415,1.0
204,1033,177,1190,240,1.0
204,991,81,1185,178,1.0
205,34,560,106,609,1.0
205,841,510,930,548,1.0
205,748,444,902,554,1.0
205,788,383,887,440,1.0
205,161,214,388,408,1.0
205,1016,211,1180,269,1.0
205,1031,168,1185,232,1.0
205,989,76,1180,170,1.0
206,832,499,924,536,1.0
206,748,437,898,553,1.0
206,788,371,867,429,1.0
206,167,208,389,402,1.0
206,1029,160,1180,227,1.0
206,987,71,1172,161,1.0
207,748,414,890,553,1.0
207,789,356,867,406,1.0
207,177,199,391,387,1.0
207,1009,186,1167,243,1.0
207,984,61,1171,207,1.0
208,748,402,896,542,1.0
208,227,356,360,401,1.0
208,789,348,867,396,1.0
208,181,195,390,381,1.0
208,1007,175,1162,235,1.0
208,982,56,1167,192,1.0
209,382,668,444,720,1.0
209,428,659,591,720,1.0
209,107,456,230,570,1.0
209,790,339,865,386,1.0
209,185,191,391,375,1.0
209,1004,169,1158,228,1.0
209,981,51,1163,185,1.0
210,375,649,452,720,1.0
210,437,642,601,720,1.0
210,119,445,240,556,1.0
210,791,334,862,374,1.0
210,190,187,391,369,1.0
210,979,45,1159,220,1.0
211,446,626,601,720,1.0
211,133,434,246,545,1.0
211,792,327,859,364,1.0
211,194,183,392,363,1.0
211,978,41,1155,181,1.0
212,374,594,614,720,1.0
212,157,414,261,517,1.0
212,201,176,391,350,1.0
212,975,32,1147,199,1.0
213,360,580,616,720,1.0
213,204,172,391,345,1.0
213,974,28,1143,194,1.0
214,374,566,620,720,1.0
214,207,169,391,339,1.0
215,373,553,624,720,1.0
215,763,323,857,379,1.0
215,210,165,390,333,1.0
215,972,19,1136,181,1.0
216,367,584,547,720,1.0
216,428,540,627,720,1.0
216,763,314,854,369,1.0
216,214,162,390,329,1.0
217,374,544,639,720,1.0
217,767,297,870,349,1.0
217,801,242,871,283,1.0
217,218,157,382,318,1.0
218,374,532,641,720,1.0
218,769,292,898,340,1.0
218,802,238,876,276,1.0
218,221,154,383,312,1.0
219,374,511,641,720,1.0
219,464,490,602,542,1.0
219,769,282,897,330,1.0
219,802,232,876,269,1.0
220,374,508,648,720,1.0
220,260,341,342,412,1.0
220,770,277,889,322,1.0
220,802,224,876,262,1.0
221,378,497,651,720,1.0
221,271,333,351,411,1.0
221,803,218,876,256,1.0
222,127,649,226,720,1.0
222,406,472,657,720,1.0
222,804,205,871,242,1.0
223,127,632,235,720,1.0
223,506,436,632,479,1.0
223,804,199,870,235,1.0
224,127,621,245,720,1.0
224,309,301,381,373,1.0
224,804,193,869,229,1.0
225,127,609,253,720,1.0
225,318,294,393,365,1.0
225,805,187,869,222,1.0
226,128,603,255,720,1.0
226,184,536,276,571,1.0
226,329,287,400,357,1.0
226,806,181,868,216,1.0
226,973,0,1097,123,1.0
227,397,612,465,668,1.0
227,132,603,254,720,1.0
227,442,545,517,613,1.0
227,346,270,413,337,1.0
227,806,169,868,203,1.0
227,236,124,383,267,1.0
227,970,0,1092,114,1.0
228,469,664,601,720,1.0
228,135,605,254,720,1.0
228,414,596,471,652,1.0
228,218,555,293,630,1.0
228,446,534,534,598,1.0
228,353,264,422,332,1.0
228,236,122,391,259,1.0
228,969,0,1090,108,1.0
229,469,646,612,720,1.0
229,219,558,298,630,1.0
229,115,535,185,579,1.0
229,449,520,540,587,1.0
229,423,393,684,646,1.0
229,237,120,397,256,1.0
229,968,0,1087,103,1.0
230,439,630,616,720,1.0
230,221,557,304,629,1.0
230,115,522,249,579,1.0
230,455,509,544,572,1.0
230,164,484,339,547,1.0
230,433,379,685,629,1.0
230,769,354,866,394,1.0
230,237,118,405,255,1.0
230,962,0,1085,97,1.0
231,483,605,620,710,1.0
231,221,557,301,629,1.0
231,116,510,255,579,1.0
231,461,499,548,558,1.0
231,179,474,348,534,1.0
231,442,374,688,613,1.0
231,149,330,255,436,1.0
231,960,0,1082,91,1.0
232,123,662,182,715,1.0
232,488,575,625,679,1.0
232,221,557,299,628,1.0
232,450,531,538,581,1.0
232,472,481,560,531,1.0
232,116,455,361,579,1.0
232,449,358,694,582,1.0
232,772,328,862,372,1.0
232,235,114,367,246,1.0
232,958,0,1078,82,1.0
233,125,647,193,696,1.0
233,441,561,631,664,1.0
233,477,472,564,516,1.0
233,116,446,367,579,1.0
233,451,346,695,567,1.0
233,771,316,860,364,1.0
233,236,113,367,243,1.0
233,962,0,1076,76,1.0
234,1221,665,1280,720,1.0
234,124,632,203,683,1.0
234,446,549,635,648,1.0
234,467,504,556,551,1.0
234,482,464,553,503,1.0
234,116,437,375,579,1.0
234,452,343,695,553,1.0
234,773,311,857,354,1.0
234,234,111,366,239,1.0
234,956,0,1073,74,1.0
235,255,673,323,720,1.0
235,1221,665,1280,720,1.0
235,140,617,214,667,1.0
235,452,530,644,633,1.0
235,115,428,379,579,1.0
235,457,336,698,538,1.0
235,773,302,854,347,1.0
235,232,109,366,237,1.0
235,955,0,1070,73,1.0
236,260,665,325,720,1.0
236,457,515,648,618,1.0
236,115,419,386,579,1.0
236,464,327,698,524,1.0
236,774,295,899,339,1.0
236,230,108,366,230,1.0
236,958,0,1067,73,1.0
237,270,669,324,720,1.0
237,115,403,399,574,1.0
237,775,274,898,324,1.0
237,232,102,364,224,1.0
237,956,0,1063,53,1.0
238,250,668,324,720,1.0
238,116,395,405,572,1.0
238,775,272,897,314,1.0
238,231,102,363,222,1.0
238,954,0,1060,51,1.0
239,118,387,412,561,1.0
239,777,267,884,306,1.0
239,229,102,362,220,1.0
239,954,0,1058,47,1.0
240,123,379,417,552,1.0
240,779,258,879,299,1.0
240,229,102,361,217,1.0
240,953,0,1055,43,1.0
241,135,372,424,544,1.0
241,780,236,896,297,1.0
241,226,100,352,214,1.0
241,952,0,1053,39,1.0
242,1205,428,1280,464,1.0
242,314,391,412,449,1.0
242,156,358,434,522,1.0
242,782,223,897,279,1.0
242,229,98,347,209,1.0
243,313,382,418,449,1.0
243,163,351,438,514,1.0
243,780,216,897,269,1.0
243,219,94,345,206,1.0
244,1140,506,1280,605,1.0
244,155,455,378,571,1.0
244,313,374,422,454,1.0
244,173,345,449,504,1.0
244,781,217,897,261,1.0
244,237,182,375,297,1.0
244,228,160,297,204,1.0
244,217,91,345,162,1.0
245,265,502,415,645,1.0
245,1133,491,1280,583,1.0
245,163,461,373,571,1.0
245,311,367,424,449,1.0
245,182,339,456,495,1.0
245,235,175,382,258,1.0
245,201,90,341,160,1.0
246,295,509,415,626,1.0
246,1146,471,1280,563,1.0
246,173,451,379,571,1.0
246,311,359,433,450,1.0
246,190,332,462,488,1.0
246,826,205,908,248,1.0
246,197,90,341,156,1.0
247,773,650,897,694,1.0
247,179,466,369,560,1.0
247,207,320,465,471,1.0
247,210,87,336,150,1.0
248,373,667,434,720,1.0
248,188,459,359,550,1.0
248,215,315,473,470,1.0
248,204,86,334,148,1.0
249,798,612,926,664,1.0
249,195,309,476,543,1.0
249,828,183,913,222,1.0
249,200,82,331,146,1.0
250,204,304,477,533,1.0
250,194,93,327,145,1.0
251,777,669,913,720,1.0
251,487,658,549,720,1.0
251,210,298,484,523,1.0
251,173,84,324,141,1.0
252,774,666,913,720,1.0
252,225,339,466,508,1.0
252,253,288,493,425,1.0
252,1058,198,1280,416,1.0
252,183,90,318,137,1.0
253,774,620,902,713,1.0
253,265,380,338,417,1.0
253,233,283,496,498,1.0
253,1056,187,1280,400,1.0
253,179,88,315,135,1.0
254,792,620,891,685,1.0
254,272,372,373,414,1.0
254,239,277,501,488,1.0
254,807,69,852,113,1.0
255,784,618,893,664,1.0
255,393,589,474,664,1.0
255,278,365,379,406,1.0
255,246,273,502,482,1.0
255,171,86,308,132,1.0
256,784,599,916,645,1.0
256,399,577,477,654,1.0
256,285,358,384,399,1.0
256,254,267,500,473,1.0
256,608,181,735,295,1.0
256,64,20,131,60,1.0
257,291,350,389,391,1.0
257,260,263,511,464,1.0
257,1064,197,1246,345,1.0
257,1056,150,1242,265,1.0
257,64,20,135,60,1.0
258,781,524,912,586,1.0
258,273,253,510,454,1.0
258,583,201,735,349,1.0
258,1063,194,1233,319,1.0
258,1050,133,1229,241,1.0
258,67,20,144,61,1.0
259,781,515,915,569,1.0
259,278,249,514,447,1.0
259,587,210,736,341,1.0
259,1058,185,1228,307,1.0
259,1042,126,1209,220,1.0
259,70,20,148,61,1.0
260,785,501,915,552,1.0
260,283,244,519,440,1.0
260,591,207,737,335,1.0
260,636,178,722,260,1.0
260,1046,118,1222,294,1.0
260,81,20,152,62,1.0
261,782,493,902,535,1.0
261,289,240,519,433,1.0
261,595,202,739,329,1.0
261,632,175,720,254,1.0
261,1043,111,1216,281,1.0
261,81,20,156,62,1.0
262,781,477,905,520,1.0
262,295,235,519,427,1.0
262,595,199,741,323,1.0
262,1036,104,1210,269,1.0
262,96,65,216,105,1.0
262,91,20,160,62,1.0
263,306,226,528,418,1.0
263,603,200,744,310,1.0
263,1050,154,1201,247,1.0
263,153,132,278,180,1.0
263,1034,92,1191,160,1.0
263,105,62,203,103,1.0
263,98,21,162,63,1.0
264,784,426,893,475,1.0
264,570,421,627,476,1.0
264,312,222,533,410,1.0
264,607,199,741,302,1.0
264,150,131,274,178,1.0
264,1032,85,1197,237,1.0
264,99,62,202,102,1.0
265,785,425,896,462,1.0
265,317,217,535,402,1.0
265,611,199,741,296,1.0
265,1045,161,1191,227,1.0
265,613,126,708,201,1.0
265,1076,102,1182,143,1.0
265,95,57,204,101,1.0
266,786,413,892,449,1.0
266,323,213,539,394,1.0
266,616,192,743,289,1.0
266,613,122,709,218,1.0
266,1073,95,1177,134,1.0
266,1028,74,1186,219,1.0
267,778,434,895,479,1.0
267,787,402,887,436,1.0
267,328,208,541,387,1.0
267,616,199,741,283,1.0
267,1040,146,1181,210,1.0
267,618,118,706,189,1.0
267,1071,90,1172,127,1.0
267,84,56,196,100,1.0
268,784,523,903,566,1.0
268,792,336,858,379,1.0
268,338,200,551,373,1.0
268,619,171,743,271,1.0
268,1036,132,1173,203,1.0
268,653,113,750,181,1.0
268,72,55,236,111,1.0
269,790,326,868,399,1.0
269,343,195,551,367,1.0
269,636,138,712,177,1.0
269,1035,125,1168,192,1.0
269,67,54,180,98,1.0
270,765,385,887,487,1.0
270,348,191,554,361,1.0
270,618,145,753,259,1.0
270,632,135,714,184,1.0
270,61,54,179,97,1.0
270,1020,51,1164,191,1.0
271,767,370,881,478,1.0
271,353,187,557,355,1.0
271,632,152,757,253,1.0
271,668,101,755,168,1.0
271,59,53,220,108,1.0
272,767,376,896,466,1.0
272,793,300,860,365,1.0
272,358,183,560,349,1.0
272,633,151,758,249,1.0
272,679,98,756,164,1.0
272,59,52,213,107,1.0
273,770,362,871,449,1.0
273,367,175,552,337,1.0
273,632,150,760,238,1.0
273,684,90,758,155,1.0
273,58,53,158,95,1.0
273,134,26,217,65,1.0
274,182,641,262,720,1.0
274,496,549,579,624,1.0
274,372,171,563,332,1.0
274,632,138,757,234,1.0
274,688,87,759,156,1.0
274,57,53,151,94,1.0
274,140,26,219,66,1.0
275,178,639,266,720,1.0
275,505,538,584,607,1.0
275,377,167,556,326,1.0
275,56,53,146,94,1.0
275,141,21,223,67,1.0
275,1012,13,1143,144,1.0
276,186,632,294,720,1.0
276,770,382,892,451,1.0
276,382,164,555,321,1.0
276,667,141,757,223,1.0
276,691,80,762,143,1.0
276,55,53,140,93,1.0
276,145,25,225,67,1.0
277,191,642,305,720,1.0
277,539,512,601,568,1.0
277,770,394,888,440,1.0
277,386,160,561,315,1.0
277,688,77,765,139,1.0
277,55,53,134,98,1.0
277,147,18,229,67,1.0
278,536,414,612,487,1.0
278,774,383,880,419,1.0
278,790,287,898,331,1.0
278,802,238,893,270,1.0
278,396,152,568,305,1.0
278,680,71,767,141,1.0
278,156,20,235,67,1.0
279,778,284,897,377,1.0
279,803,231,893,264,1.0
279,400,148,563,299,1.0
279,681,73,768,137,1.0
279,159,21,238,67,1.0
279,1015,0,1127,110,1.0
280,542,382,630,467,1.0
280,793,276,896,320,1.0
280,804,225,894,260,1.0
280,405,144,568,293,1.0
280,684,64,771,133,1.0
280,161,16,233,65,1.0
280,1013,0,1124,103,1.0
281,544,378,634,457,1.0
281,786,269,889,317,1.0
281,805,219,894,259,1.0
281,666,141,748,194,1.0
281,409,141,572,296,1.0
281,164,16,237,65,1.0
281,1012,0,1121,97,1.0
282,260,504,315,551,1.0
282,779,317,862,377,1.0
282,789,261,875,307,1.0
282,804,212,895,261,1.0
282,667,138,745,189,1.0
282,413,137,573,282,1.0
282,168,16,239,65,1.0
282,1011,0,1119,88,1.0
283,286,556,386,648,1.0
283,780,306,859,361,1.0
283,790,234,896,297,1.0
283,807,198,895,247,1.0
283,421,130,575,271,1.0
283,671,129,745,182,1.0
283,174,16,243,65,1.0
283,1008,0,1113,78,1.0
284,297,545,393,634,1.0
284,781,295,857,353,1.0
284,426,179,573,266,1.0
284,450,126,564,181,1.0
284,671,125,745,176,1.0
284,176,17,245,65,1.0
284,1007,0,1110,78,1.0
285,308,534,400,621,1.0
285,303,449,386,522,1.0
285,590,343,657,410,1.0
285,783,289,854,344,1.0
285,836,234,897,284,1.0
285,809,187,898,229,1.0
285,429,176,573,261,1.0
285,454,123,563,173,1.0
285,674,121,751,174,1.0
285,177,17,254,68,1.0
285,1005,0,1107,77,1.0
286,318,523,407,609,1.0
286,314,439,394,511,1.0
286,784,282,869,336,1.0
286,809,182,897,219,1.0
286,433,172,573,256,1.0
286,458,119,569,170,1.0
286,676,117,751,174,1.0
286,183,17,252,65,1.0
286,1003,0,1104,60,1.0
287,328,518,413,597,1.0
287,324,429,403,499,1.0
287,786,269,850,328,1.0
287,810,177,898,218,1.0
287,437,169,573,251,1.0
287,461,116,569,176,1.0
287,680,99,755,172,1.0
287,184,17,255,65,1.0
287,1003,0,1102,55,1.0
288,342,411,419,479,1.0
288,788,255,894,312,1.0
288,835,208,899,254,1.0
288,812,165,898,206,1.0
288,445,163,576,242,1.0
288,468,109,574,159,1.0
288,685,105,755,166,1.0
288,190,19,258,65,1.0
288,1000,0,1097,45,1.0
289,351,402,428,469,1.0
289,789,245,894,305,1.0
289,813,160,898,200,1.0
289,448,160,576,237,1.0
289,464,106,575,172,1.0
289,686,101,756,163,1.0
289,190,19,260,65,1.0
289,999,0,1094,40,1.0
290,360,394,435,460,1.0
290,790,238,893,298,1.0
290,839,196,900,241,1.0
290,452,158,576,246,1.0
290,813,156,898,194,1.0
290,467,103,575,171,1.0
290,687,96,763,159,1.0
290,194,19,265,68,1.0
290,997,0,1091,35,1.0
291,369,385,443,450,1.0
291,792,230,894,290,1.0
291,814,150,898,188,1.0
291,455,145,574,242,1.0
291,478,101,576,148,1.0
291,664,92,759,155,1.0
291,191,19,264,65,1.0
291,996,0,1088,31,1.0
292,378,378,451,441,1.0
292,792,223,895,283,1.0
292,815,147,897,183,1.0
292,459,140,599,239,1.0
292,481,97,578,151,1.0
292,665,85,760,150,1.0
292,195,18,266,65,1.0
293,394,362,466,424,1.0
293,794,211,895,270,1.0
293,816,136,898,172,1.0
293,465,92,597,218,1.0
293,200,19,267,66,1.0
294,402,355,474,416,1.0
294,795,205,901,263,1.0
294,469,139,597,214,1.0
294,817,132,898,166,1.0
294,483,88,584,157,1.0
294,199,18,270,66,1.0
295,410,347,481,407,1.0
295,797,199,903,257,1.0
295,472,138,599,210,1.0
295,818,129,898,161,1.0
295,494,84,585,129,1.0
295,200,22,271,65,1.0
296,419,340,488,399,1.0
296,797,194,901,252,1.0
296,476,132,602,207,1.0
296,819,124,898,156,1.0
296,498,81,592,126,1.0
296,201,19,270,65,1.0
297,427,333,495,391,1.0
297,799,188,901,246,1.0
297,480,131,602,203,1.0
297,820,120,898,152,1.0
297,501,78,595,123,1.0
297,675,67,771,128,1.0
297,202,21,272,66,1.0
298,801,177,901,234,1.0
298,487,134,596,207,1.0
298,822,113,898,143,1.0
298,508,72,600,115,1.0
298,678,61,771,121,1.0
298,201,23,280,68,1.0
299,802,172,902,228,1.0
299,491,117,613,190,1.0
299,822,109,892,142,1.0
299,512,70,602,112,1.0
299,204,22,280,68,1.0
300,803,137,902,221,1.0
300,494,106,614,199,1.0
300,824,105,891,150,1.0
300,515,66,605,107,1.0
300,202,24,283,69,1.0
300,680,0,795,113,1.0
301,804,133,903,216,1.0
301,497,103,614,195,1.0
301,824,100,898,150,1.0
301,518,63,607,105,1.0
301,682,41,779,110,1.0
301,203,24,284,68,1.0
302,806,130,904,210,1.0
302,821,98,897,150,1.0
302,683,40,790,107,1.0
302,206,24,282,68,1.0
303,808,125,903,200,1.0
303,507,93,603,184,1.0
303,532,54,616,93,1.0
303,205,24,285,68,1.0
303,686,0,792,102,1.0
304,495,274,557,328,1.0
304,810,144,906,196,1.0
304,510,89,613,179,1.0
304,531,51,623,90,1.0
304,687,32,791,98,1.0
304,207,25,286,68,1.0
305,503,267,566,329,1.0
305,811,107,905,191,1.0
305,514,86,607,176,1.0
305,534,49,620,87,1.0
305,688,30,793,95,1.0
305,208,25,286,68,1.0
306,510,260,569,315,1.0
306,812,119,905,187,1.0
306,517,83,610,174,1.0
306,538,46,629,84,1.0
306,689,37,792,92,1.0
306,208,26,280,65,1.0
307,1191,359,1280,421,1.0
307,517,255,576,308,1.0
307,813,115,904,182,1.0
307,520,101,612,156,1.0
307,535,79,611,106,1.0
307,541,43,631,80,1.0
307,691,35,793,89,1.0
307,209,25,281,66,1.0
308,531,243,589,296,1.0
308,815,110,904,173,1.0
308,526,94,617,171,1.0
308,541,72,616,98,1.0
308,547,37,632,73,1.0
308,210,26,288,68,1.0
308,693,17,796,83,1.0
309,538,236,594,289,1.0
309,817,121,904,169,1.0
309,529,90,628,167,1.0
309,544,68,618,94,1.0
309,550,34,632,69,1.0
309,208,26,287,68,1.0
309,695,18,796,80,1.0
310,544,232,600,283,1.0
310,817,106,904,163,1.0
310,532,88,616,164,1.0
310,547,66,621,92,1.0
310,553,32,634,67,1.0
310,213,26,283,66,1.0
310,696,16,798,78,1.0
311,551,226,605,277,1.0
311,819,103,904,158,1.0
311,212,25,288,68,1.0
311,697,0,792,75,1.0
312,558,220,612,271,1.0
312,558,26,644,61,1.0
312,208,25,288,68,1.0
312,698,10,798,72,1.0
313,570,210,623,260,1.0
313,544,54,630,126,1.0
313,210,25,288,68,1.0
313,563,21,649,56,1.0
314,1177,256,1280,294,1.0
314,577,205,629,254,1.0
314,547,72,627,146,1.0
314,211,25,288,68,1.0
314,566,19,651,53,1.0
315,1174,246,1280,288,1.0
315,549,49,634,118,1.0
315,213,24,288,68,1.0
315,568,17,653,51,1.0
315,703,0,800,95,1.0
316,16,679,93,720,1.0
316,1171,237,1280,290,1.0
316,552,67,630,114,1.0
316,571,14,655,47,1.0
316,704,0,800,58,1.0
317,16,667,93,720,1.0
317,555,64,632,111,1.0
317,573,12,656,44,1.0
317,706,0,801,56,1.0
318,560,8,661,100,1.0
318,708,0,801,82,1.0
319,582,6,663,37,1.0
319,709,0,802,48,1.0
320,585,4,665,35,1.0
320,710,0,801,80,1.0
321,587,2,667,33,1.0
321,711,0,801,43,1.0
322,577,28,655,69,1.0
322,712,0,801,41,1.0
322,590,0,670,31,1.0
323,671,650,745,720,1.0
323,494,642,601,720,1.0
323,714,0,800,36,1.0
324,496,620,638,720,1.0
325,504,606,638,694,1.0
325,1119,146,1209,189,1.0
326,1117,139,1213,181,1.0
327,510,664,673,720,1.0
327,525,571,641,634,1.0
327,1115,132,1214,174,1.0
328,512,625,673,720,1.0
328,0,514,103,565,1.0
328,1110,119,1213,160,1.0
329,513,606,690,720,1.0
329,534,528,744,611,1.0
329,0,507,107,565,1.0
329,1108,113,1212,152,1.0
330,513,589,699,720,1.0
330,0,501,109,565,1.0
330,1105,107,1209,146,1.0
331,0,501,114,565,1.0
331,1103,102,1205,140,1.0
332,523,556,712,711,1.0
332,0,492,114,560,1.0
332,1101,97,1202,134,1.0
333,535,525,718,667,1.0
333,0,479,116,537,1.0
333,1096,87,1194,124,1.0
334,542,510,720,647,1.0
334,0,472,136,525,1.0
334,1094,83,1191,119,1.0
334,878,44,933,99,1.0
335,548,495,723,628,1.0
335,0,464,147,514,1.0
335,1092,78,1188,114,1.0
335,878,41,933,95,1.0
336,499,646,575,720,1.0
336,554,481,725,609,1.0
336,1062,153,1199,207,1.0
336,878,38,934,92,1.0
337,572,683,673,720,1.0
337,558,468,727,592,1.0
337,13,436,158,492,1.0
337,1060,147,1193,203,1.0
337,878,35,934,91,1.0
338,118,603,224,705,1.0
338,0,469,171,533,1.0
338,569,443,731,558,1.0
338,31,420,172,471,1.0
338,1058,104,1195,190,1.0
339,520,664,576,720,1.0
339,124,595,224,691,1.0
339,525,555,637,658,1.0
339,0,459,178,561,1.0
339,574,431,733,543,1.0
339,1055,99,1195,184,1.0
339,575,39,696,149,1.0
340,525,646,592,711,1.0
340,122,595,224,679,1.0
340,8,449,184,522,1.0
340,579,420,735,528,1.0
340,1054,94,1195,180,1.0
340,578,14,731,144,1.0
341,531,628,604,694,1.0
341,123,593,224,668,1.0
341,16,439,191,512,1.0
341,584,409,737,514,1.0
341,1052,88,1195,180,1.0
341,581,34,702,141,1.0
342,82,619,174,658,1.0
342,1171,596,1280,682,1.0
342,125,595,224,658,1.0
342,24,430,196,502,1.0
342,588,398,739,500,1.0
342,1051,83,1193,167,1.0
342,584,32,710,138,1.0
343,1208,608,1280,653,1.0
343,92,592,223,637,1.0
343,648,571,780,687,1.0
343,40,413,209,482,1.0
343,552,388,783,580,1.0
343,597,378,742,474,1.0
343,77,363,208,415,1.0
343,1048,73,1182,154,1.0
343,591,28,699,132,1.0
344,1202,589,1280,634,1.0
344,655,571,780,669,1.0
344,47,405,214,472,1.0
344,557,380,784,565,1.0
344,601,369,744,462,1.0
344,84,336,215,406,1.0
344,1047,69,1180,153,1.0
344,594,27,713,129,1.0
344,878,16,934,63,1.0
345,100,576,207,615,1.0
345,656,571,780,655,1.0
345,1186,569,1280,619,1.0
345,55,396,220,464,1.0
345,604,360,746,450,1.0
345,90,355,218,398,1.0
345,1046,64,1172,150,1.0
345,878,14,933,61,1.0
345,596,7,739,126,1.0
346,659,572,780,640,1.0
346,104,567,197,601,1.0
346,1167,540,1280,602,1.0
346,593,434,733,487,1.0
346,62,388,225,455,1.0
346,608,350,747,438,1.0
346,98,325,225,391,1.0
346,1045,60,1166,141,1.0
346,599,22,702,124,1.0
347,661,572,780,625,1.0
347,106,558,186,590,1.0
347,1162,531,1280,587,1.0
347,566,520,653,577,1.0
347,595,422,681,482,1.0
347,1210,382,1280,449,1.0
347,70,381,230,447,1.0
347,570,349,787,523,1.0
347,612,341,749,426,1.0
347,103,319,231,383,1.0
347,1043,56,1165,138,1.0
347,602,4,741,121,1.0
348,926,676,986,720,1.0
348,1165,502,1280,557,1.0
348,114,492,272,569,1.0
348,601,401,697,461,1.0
348,116,366,240,424,1.0
348,1200,358,1280,422,1.0
348,618,324,752,404,1.0
348,101,308,239,388,1.0
348,1041,48,1159,124,1.0
348,607,1,742,115,1.0
349,674,549,767,582,1.0
349,1163,492,1280,542,1.0
349,115,490,272,564,1.0
349,608,391,697,451,1.0
349,122,359,245,417,1.0
349,1196,346,1280,410,1.0
349,622,316,753,394,1.0
349,103,304,244,389,1.0
349,1040,45,1159,120,1.0
350,116,490,272,551,1.0
350,1139,442,1280,526,1.0
350,609,381,742,441,1.0
350,128,359,249,411,1.0
350,1192,334,1280,397,1.0
350,625,307,754,383,1.0
350,104,297,249,391,1.0
350,1039,40,1156,115,1.0
351,127,488,272,540,1.0
351,656,466,737,515,1.0
351,1135,423,1280,512,1.0
351,614,372,744,432,1.0
351,1188,323,1280,386,1.0
351,629,299,756,374,1.0
351,107,297,255,401,1.0
351,1038,36,1154,109,1.0
352,1130,419,1280,498,1.0
352,617,363,746,421,1.0
352,1183,313,1280,374,1.0
352,632,291,757,364,1.0
352,112,290,259,396,1.0
352,1037,32,1153,105,1.0
353,687,428,791,519,1.0
353,1125,393,1280,470,1.0
353,625,349,710,402,1.0
353,1176,293,1280,351,1.0
353,121,283,268,375,1.0
353,638,276,759,346,1.0
353,1035,24,1149,94,1.0
354,686,428,790,511,1.0
354,1122,377,1280,458,1.0
354,625,344,710,393,1.0
354,1172,283,1280,340,1.0
354,127,282,272,369,1.0
354,641,269,761,337,1.0
354,1035,21,1147,89,1.0
355,624,668,702,720,1.0
355,691,415,789,499,1.0
355,1119,377,1280,446,1.0
355,132,275,276,365,1.0
355,1169,274,1280,330,1.0
355,643,261,763,328,1.0
355,1033,17,1144,83,1.0
356,624,648,704,720,1.0
356,1115,377,1280,434,1.0
356,138,283,280,360,1.0
356,1166,265,1280,321,1.0
356,646,254,763,320,1.0
356,1032,13,1141,80,1.0
357,673,428,788,473,1.0
357,1112,366,1280,422,1.0
357,143,281,284,353,1.0
357,1162,257,1280,311,1.0
357,649,248,764,311,1.0
357,1031,10,1139,80,1.0
358,153,287,291,341,1.0
358,1157,240,1280,293,1.0
358,654,225,785,296,1.0
358,1030,3,1136,79,1.0
359,694,382,793,447,1.0
359,157,282,294,336,1.0
359,1154,232,1276,285,1.0
359,1029,0,1134,63,1.0
360,16,679,98,720,1.0
360,140,237,297,364,1.0
360,1151,224,1271,275,1.0
360,659,214,769,280,1.0
360,1028,0,1131,60,1.0
361,16,665,98,720,1.0
361,191,379,346,443,1.0
361,150,320,242,356,1.0
361,166,233,300,324,1.0
361,1148,217,1267,266,1.0
361,661,209,770,273,1.0
361,1028,0,1130,56,1.0
362,16,651,98,720,1.0
362,1013,531,1090,573,1.0
362,195,374,344,437,1.0
362,149,314,252,350,1.0
362,170,254,303,319,1.0
362,1145,208,1262,257,1.0
362,1026,14,1127,54,1.0
