frame_id,x1,y1,x2,y2
2,928,637,1054,720
2,235,402,437,632
2,351,0,456,48
3,1107,693,1172,720
3,1169,691,1204,720
3,928,637,1060,720
3,978,627,1044,669
3,236,394,487,632
3,457,0,626,29
3,348,0,460,48
4,1100,677,1194,720
4,928,618,1056,720
4,225,385,502,632
4,1197,92,1266,213
4,561,0,632,29
4,348,0,566,50
5,1091,657,1208,720
5,923,599,1063,720
5,218,378,524,632
5,1196,92,1267,217
5,344,0,651,50
6,505,677,614,720
6,1085,620,1263,720
6,875,571,1080,720
6,169,362,543,632
6,1185,91,1267,222
6,36,0,667,53
7,507,669,614,720
7,1205,657,1273,720
7,779,572,903,624
7,896,565,1221,720
7,168,354,565,636
7,1184,91,1267,221
7,573,0,667,26
7,0,0,593,53
8,504,656,682,720
8,1051,586,1280,720
8,775,562,903,624
8,872,521,1088,720
8,168,346,570,635
8,0,151,129,203
8,1184,92,1268,220
8,533,0,692,27
8,0,0,597,74
9,509,642,712,720
9,779,572,903,624
9,872,521,1280,720
9,168,337,578,636
9,0,151,130,203
9,1184,92,1268,219
9,573,0,692,25
9,0,0,601,91
10,510,628,747,720
10,779,572,919,623
10,1026,554,1280,720
10,816,525,1089,720
10,879,466,969,504
10,168,331,576,634
10,0,150,147,203
10,1184,92,1268,217
10,35,89,145,144
10,0,0,692,92
11,506,601,791,720
11,737,505,1280,720
11,879,465,969,504
11,796,318,910,407
11,168,316,607,634
11,0,219,168,277
11,0,209,212,291
11,0,147,148,222
11,66,113,151,149
11,1184,92,1268,217
11,0,0,695,124
12,509,588,826,720
12,737,465,1280,720
12,168,309,591,634
12,798,303,921,418
12,0,219,168,277
12,0,208,212,291
12,0,147,148,224
12,66,113,145,139
12,1184,92,1269,216
12,0,0,707,134
13,507,574,816,720
13,737,465,1280,720
13,797,303,915,418
13,168,300,613,637
13,0,219,168,277
13,0,208,212,291
13,0,147,152,224
13,1184,92,1269,216
13,0,0,706,139
14,8,612,50,720
14,507,559,816,720
14,736,465,1280,720
14,797,303,911,424
14,168,294,613,637
14,0,219,168,277
14,0,208,212,291
14,0,147,152,237
14,1184,92,1269,215
14,1177,0,1225,42
14,0,0,707,139
15,8,612,50,720
15,499,546,816,720
15,736,457,1280,720
15,798,308,915,460
15,168,288,629,643
15,797,249,898,338
15,0,212,212,291
15,0,208,204,282
15,0,146,150,228
15,1184,92,1270,232
15,1177,0,1225,43
15,0,0,709,206
16,8,611,50,720
16,499,437,1280,720
16,797,308,952,459
16,168,274,628,637
16,797,255,898,338
16,0,207,212,291
16,0,139,211,229
16,1184,92,1272,233
16,1177,0,1226,44
16,0,0,709,139
17,167,682,219,720
17,218,678,317,720
17,1068,658,1135,720
17,8,611,50,720
17,499,422,1280,720
17,797,308,914,455
17,168,267,636,634
17,797,247,898,337
17,0,207,212,291
17,464,163,543,177
17,0,139,211,241
17,1184,92,1273,234
17,1177,0,1221,43
17,0,0,710,139
18,173,664,343,720
18,1062,649,1134,720
18,8,611,50,720
18,502,308,1280,720
18,168,261,639,638
18,797,253,898,337
18,0,207,212,291
18,464,163,543,177
18,1184,92,1274,235
18,1177,0,1221,43
18,560,0,709,16
18,0,0,637,229
19,1156,663,1206,720
19,176,644,416,720
19,1055,634,1134,720
19,8,610,50,720
19,407,595,473,720
19,502,302,1280,720
19,797,254,898,336
19,168,252,645,638
19,0,207,212,291
19,464,162,543,177
19,0,131,212,241
19,1184,92,1275,236
19,1177,1,1221,43
19,540,0,709,21
19,0,0,638,134
20,1156,662,1206,720
20,8,610,50,720
20,509,384,1280,720
20,797,301,952,454
20,168,248,652,720
20,796,247,898,336
20,0,207,212,291
20,464,162,543,177
20,1184,92,1277,237
20,1177,0,1227,43
20,547,0,711,19
20,0,0,634,241
21,108,692,156,720
21,1155,662,1210,720
21,0,609,101,720
21,797,301,952,453
21,796,246,898,335
21,168,236,1280,720
21,0,208,212,291
21,464,161,543,177
21,1185,92,1279,242
21,1177,1,1224,43
21,0,0,717,241
22,607,675,683,720
22,1156,662,1210,720
22,0,609,100,720
22,74,505,123,641
22,802,245,898,335
22,109,229,1280,720
22,0,208,212,292
22,1184,92,1280,246
22,1177,0,1224,42
22,0,0,725,241
23,1156,662,1207,720
23,607,659,678,720
23,1206,635,1280,716
23,80,505,123,641
23,802,245,898,335
23,0,223,1280,720
23,0,208,212,292
23,1184,92,1280,247
23,1176,0,1221,42
23,0,0,726,241
24,1156,662,1207,720
24,607,647,681,720
24,1206,634,1280,715
24,78,505,123,642
24,802,245,898,335
24,0,217,1280,720
24,0,207,212,291
24,1190,92,1280,248
24,1178,0,1222,41
24,0,0,731,240
25,1156,662,1210,720
25,611,633,681,720
25,1206,629,1280,712
25,802,245,898,335
25,6,209,1280,720
25,0,207,212,291
25,1190,92,1280,249
25,1178,0,1221,42
25,0,0,734,240
26,807,693,873,720
26,1156,619,1280,720
26,591,612,689,720
26,802,251,898,335
26,0,206,212,291
26,0,199,1280,720
26,1190,92,1280,249
26,1178,0,1222,42
26,0,0,744,240
27,1084,678,1138,720
27,1156,662,1210,720
27,1206,623,1280,711
27,592,598,689,720
27,824,245,898,335
27,0,206,212,291
27,0,191,1280,720
27,1191,92,1280,251
27,1178,1,1222,42
27,0,0,728,240
28,1206,623,1280,711
28,592,585,686,720
28,824,244,898,335
28,0,207,212,290
28,0,187,1280,720
28,1191,92,1280,254
28,1178,0,1222,42
28,0,0,716,240
29,1156,661,1210,720
29,1206,631,1280,711
29,606,574,692,720
29,1042,503,1076,537
29,824,244,898,335
29,0,206,212,290
29,0,176,1280,720
29,1191,92,1280,258
29,1178,0,1222,41
29,0,0,715,240
30,1156,661,1210,720
30,1206,631,1280,714
30,606,565,693,720
30,1039,490,1076,531
30,823,244,898,334
30,778,240,1280,720
30,0,206,212,290
30,0,176,865,720
30,1191,92,1280,271
30,1178,0,1222,41
30,0,0,698,240
31,945,690,991,720
31,321,690,375,720
31,1156,661,1210,720
31,1206,630,1280,711
31,607,555,690,720
31,1038,478,1076,531
31,0,206,212,290
31,0,170,1280,720
31,1191,92,1280,259
31,1178,0,1222,41
31,0,0,659,239
32,533,695,600,720
32,1156,660,1209,720
32,1206,633,1280,711
32,623,556,656,625
32,649,540,702,622
32,0,413,437,720
32,0,205,212,291
32,533,159,766,340
32,958,140,1101,152
32,315,92,1280,720
32,800,86,936,123
32,931,83,1039,126
32,1028,78,1112,112
32,795,59,928,77
32,1176,0,1223,39
32,0,0,659,238
33,505,681,606,720
33,1156,660,1209,720
33,1084,659,1126,718
33,1206,633,1280,711
33,309,592,472,720
33,623,556,656,618
33,649,525,701,622
33,0,413,442,720
33,0,204,212,290
33,534,155,765,334
33,394,92,1280,720
33,1177,0,1222,41
33,0,0,645,238
34,512,665,611,720
34,1156,660,1206,720
34,1073,635,1126,718
34,1206,633,1280,711
34,313,591,472,720
34,649,537,698,622
34,0,418,457,720
34,0,204,212,290
34,534,150,762,321
34,404,93,1280,720
34,1178,0,1222,39
34,0,0,655,238
35,1084,652,1125,717
35,514,649,642,720
35,1201,632,1280,710
35,662,516,698,579
35,0,418,472,720
35,0,204,212,290
35,534,145,762,309
35,404,93,1280,720
35,1178,0,1223,39
35,0,0,661,237
36,1173,632,1280,710
36,737,496,805,584
36,0,205,212,290
36,0,93,1280,720
36,1178,0,1222,39
36,370,0,660,46
36,0,0,481,237
37,1173,632,1280,710
37,1241,419,1280,477
37,0,205,212,290
37,0,130,1166,720
37,1109,94,1280,433
37,1178,0,1223,39
37,370,0,664,46
37,0,0,479,237
38,1173,632,1280,710
38,1034,558,1094,638
38,1235,401,1280,477
38,0,379,467,720
38,0,205,212,290
38,308,94,1280,720
38,1178,0,1222,39
38,373,0,663,45
38,0,0,479,237
39,942,695,978,720
39,110,688,175,720
39,1205,632,1280,710
39,1020,556,1094,638
39,970,450,1041,533
39,1224,397,1280,476
39,0,205,212,290
39,0,120,1143,720
39,1105,94,1280,412
39,374,0,663,45
39,0,0,479,236
40,109,668,260,720
40,975,658,1063,708
40,1205,637,1280,710
40,1001,540,1094,638
40,971,437,1040,518
40,1221,381,1280,476
40,0,204,212,290
40,0,116,1133,720
40,1098,95,1280,400
40,375,0,666,45
40,0,0,478,236
41,109,660,260,720
41,959,658,1063,707
41,1206,637,1280,710
41,972,423,1032,508
41,1214,372,1280,476
41,0,344,484,720
41,0,204,212,290
41,264,112,1118,720
41,1098,95,1280,386
41,376,0,668,45
41,0,0,478,236
42,318,680,375,720
42,1206,637,1280,710
42,970,402,1031,485
42,1213,354,1280,465
42,1014,340,1045,398
42,0,205,212,290
42,0,116,210,236
42,0,101,1116,720
42,1098,95,1280,379
42,100,17,361,27
42,377,0,674,45
42,0,0,478,127
43,952,653,1085,720
43,81,641,120,694
43,1206,636,1280,709
43,1034,540,1094,638
43,967,395,1026,471
43,1208,344,1280,465
43,1014,330,1045,398
43,0,315,490,720
43,0,205,212,290
43,0,116,199,236
43,247,96,1102,720
43,1097,95,1280,379
43,102,17,361,27
43,378,0,674,45
43,0,0,478,127
44,318,680,380,720
44,1084,649,1125,706
44,1206,636,1280,709
44,0,611,121,720
44,1034,558,1094,638
44,257,462,397,651
44,965,386,1016,458
44,1209,331,1280,465
44,1016,329,1039,374
44,34,305,490,720
44,0,205,212,290
44,1097,179,1215,370
44,0,116,199,236
44,318,96,1105,720
44,1199,95,1280,329
44,627,92,792,240
44,141,17,361,26
44,379,0,670,44
44,0,0,478,128
45,318,680,375,720
45,1206,637,1280,709
45,1034,558,1114,693
45,939,453,1030,560
45,257,453,399,630
45,965,378,1013,445
45,1192,324,1280,465
45,1014,320,1038,374
45,0,296,490,720
45,0,205,211,290
45,1092,172,1208,353
45,0,117,199,223
45,1199,95,1280,318
45,318,89,1103,720
45,640,88,792,231
45,145,17,361,26
45,381,0,690,44
45,0,0,477,127
46,315,680,375,720
46,1206,637,1280,720
46,834,610,934,716
46,939,443,1030,560
46,509,377,549,424
46,964,366,1006,434
46,1188,313,1280,463
46,1009,308,1038,371
46,0,287,512,720
46,0,205,211,290
46,1092,166,1200,337
46,0,117,199,223
46,1198,95,1280,303
46,356,83,1110,720
46,146,17,361,26
46,381,0,689,44
46,0,0,477,126
47,1090,685,1134,720
47,314,680,383,720
47,1163,665,1206,720
47,1206,629,1280,720
47,918,627,983,674
47,835,600,924,716
47,1003,559,1167,720
47,938,422,1004,532
47,956,345,1006,411
47,1184,293,1280,463
47,1005,285,1036,367
47,0,270,91,289
47,0,269,512,720
47,1190,233,1242,276
47,0,205,211,274
47,1080,152,1184,331
47,0,117,199,223
47,1202,95,1280,286
47,356,67,1077,720
47,381,0,701,44
47,0,0,478,126
48,314,680,383,720
48,1205,611,1280,720
48,835,600,924,716
48,924,583,991,610
48,1026,559,1205,720
48,944,497,1086,720
48,938,410,1004,532
48,958,337,992,405
48,1187,287,1280,462
48,1004,279,1033,353
48,0,260,515,720
48,1187,226,1237,270
48,0,206,207,274
48,1078,142,1183,331
48,0,118,199,223
48,1202,95,1280,281
48,356,66,1103,720
48,27,16,123,125
48,382,0,678,44
48,0,0,477,55
49,315,680,412,720
49,924,579,990,611
49,944,546,1280,720
49,0,501,123,720
49,954,497,995,557
49,931,400,1004,532
49,310,397,374,455
49,956,327,987,388
49,1184,278,1280,461
49,83,252,534,720
49,1189,214,1229,261
49,0,209,207,274
49,1073,137,1179,328
49,0,117,199,223
49,1202,110,1280,256
49,356,69,993,720
49,944,58,1062,260
49,27,25,121,125
49,412,0,675,43
49,0,0,477,55
50,324,681,422,720
50,0,575,100,720
50,924,497,1280,720
50,81,470,386,720
50,924,390,1004,532
50,317,386,368,440
50,957,316,983,379
50,1168,267,1280,444
50,143,244,534,549
50,0,232,144,274
50,94,209,207,269
50,0,175,88,224
50,1076,131,1179,322
50,110,117,200,202
50,1202,110,1280,261
50,356,64,992,720
50,944,51,1101,259
50,418,0,675,43
50,35,0,477,19
51,315,678,422,720
51,0,573,100,720
51,17,559,91,613
51,1060,552,1280,720
51,924,505,1101,720
51,81,475,385,720
51,921,381,994,513
51,327,377,377,431
51,1216,341,1270,398
51,955,306,980,373
51,1165,259,1236,333
51,152,236,549,537
51,0,233,140,273
51,94,221,202,270
51,1075,124,1179,322
51,1203,112,1280,263
51,355,46,1096,720
51,429,0,676,39
51,35,0,480,20
52,315,678,421,720
52,17,575,80,613
52,0,566,101,720
52,81,475,386,720
52,917,362,1280,720
52,343,356,389,412
52,1217,352,1264,396
52,951,292,980,354
52,1165,241,1236,331
52,26,238,136,269
52,0,176,88,218
52,1209,113,1280,266
52,1070,112,1179,322
52,172,39,1086,720
52,432,0,676,38
52,35,0,480,20
53,0,603,99,720
53,1053,504,1280,720
53,954,478,1093,720
53,82,475,385,720
53,913,352,982,474
53,345,348,399,403
53,949,285,975,346
53,1163,235,1235,331
53,173,214,569,505
53,1213,116,1280,269
53,1064,107,1158,284
53,316,33,1066,720
53,437,0,676,38
53,35,0,480,19
54,974,642,1063,710
54,0,603,98,720
54,954,495,991,544
54,944,432,1280,720
54,914,343,975,433
54,353,339,412,393
54,948,278,972,333
54,1159,230,1225,323
54,82,205,568,720
54,1212,118,1280,268
54,1066,101,1158,280
54,318,28,1066,720
54,439,0,676,36
54,14,0,483,39
55,320,679,422,720
55,0,594,98,720
55,561,560,696,698
55,82,461,382,720
55,932,433,1280,720
55,910,333,969,417
55,358,329,411,388
55,947,266,969,323
55,1153,223,1219,323
55,208,199,568,484
55,1210,119,1280,269
55,1066,96,1158,278
55,356,23,1065,720
55,446,0,676,35
55,14,0,483,21
56,210,691,256,720
56,330,679,394,720
56,574,547,696,669
56,0,501,123,720
56,83,457,384,720
56,945,433,1280,705
56,365,329,415,379
56,918,324,966,402
56,946,254,967,312
56,1147,214,1216,294
56,213,192,588,474
56,573,133,654,267
56,1203,120,1280,270
56,1060,89,1155,270
56,356,19,1065,720
56,448,0,675,34
56,35,0,365,19
57,343,680,375,720
57,11,501,123,720
57,83,442,403,720
57,942,416,1280,705
57,377,309,434,362
57,906,308,960,375
57,1146,200,1216,289
57,1202,155,1280,271
57,1159,142,1212,171
57,232,120,662,454
57,1059,80,1150,263
57,357,9,1059,720
57,460,0,675,32
57,236,0,482,18
57,37,0,265,18
58,0,596,101,720
58,83,434,397,720
58,387,301,434,351
58,901,298,959,369
58,1148,194,1179,233
58,0,175,86,201
58,245,167,597,445
58,1203,155,1280,270
58,574,113,663,248
58,1060,74,1145,235
58,357,6,1280,720
58,481,0,694,32
58,42,0,487,20
58,40,0,416,15
59,0,661,70,720
59,50,650,89,688
59,1207,636,1280,705
59,15,604,87,680
59,83,426,394,720
59,391,303,441,346
59,901,290,958,367
59,0,175,86,200
59,255,164,597,437
59,1203,155,1280,268
59,575,108,663,242
59,1058,69,1140,235
59,363,0,1280,720
59,485,0,682,31
59,42,0,488,20
59,40,0,415,15
60,0,610,101,720
60,970,560,1014,595
60,83,418,400,720
60,399,294,455,337
60,901,282,957,367
60,0,175,86,200
60,1203,155,1280,270
60,264,102,668,427
60,1056,64,1138,228
60,355,0,1280,720
60,486,0,682,31
60,40,0,488,19
61,0,610,102,720
61,602,483,709,600
61,900,424,938,486
61,407,294,450,332
61,901,275,954,367
61,1204,155,1280,270
61,1049,59,1137,223
61,83,0,1280,720
61,486,0,682,29
61,40,0,488,19
62,446,685,496,720
62,972,670,1046,720
62,664,463,710,563
62,619,451,676,514
62,892,401,922,469
62,930,339,1280,557
62,913,257,951,328
62,311,238,344,285
62,1205,144,1280,270
62,928,143,964,247
62,1145,113,1211,130
62,293,82,687,402
62,1046,50,1137,213
62,0,0,1061,720
62,496,0,682,29
62,40,0,488,20
63,848,678,893,718
63,447,670,496,720
63,920,661,1046,720
63,108,636,256,720
63,0,576,127,720
63,640,443,720,555
63,928,328,1280,544
63,913,250,950,322
63,320,232,352,276
63,1205,151,1280,270
63,927,137,962,242
63,96,0,1136,720
63,506,0,682,28
63,40,0,487,20
64,920,658,1046,720
64,439,651,501,720
64,257,622,376,720
64,844,613,886,718
64,875,601,970,663
64,0,503,265,720
64,909,479,954,522
64,673,443,718,532
64,640,432,682,498
64,879,387,946,487
64,922,312,1280,542
64,909,244,949,319
64,1208,178,1280,270
64,927,142,960,236
64,957,82,992,147
64,106,0,1135,720
64,518,0,681,28
64,40,0,243,12
65,272,696,372,720
65,277,646,368,704
65,437,637,520,720
65,836,614,888,717
65,875,602,1046,720
65,128,529,200,584
65,0,503,272,720
65,675,436,718,527
65,639,423,682,481
65,921,299,1280,527
65,907,237,948,307
65,1208,179,1280,268
65,928,143,951,229
65,955,76,992,147
65,319,64,698,377
65,975,44,1042,75
65,1042,38,1135,186
65,173,0,995,720
65,523,0,682,27
65,40,0,344,14
66,273,676,413,720
66,295,652,352,683
66,425,620,578,720
66,977,604,1046,658
66,1063,602,1114,663
66,0,524,39,568
66,0,502,270,720
66,640,414,722,515
66,921,344,959,404
66,959,290,1280,502
66,903,233,946,305
66,435,228,483,291
66,1208,183,1280,267
66,928,143,948,220
66,954,72,992,138
66,981,39,1039,69
66,1044,33,1126,178
66,181,0,1045,720
66,528,0,681,26
66,40,0,409,13
67,248,638,388,720
67,353,631,448,709
67,922,604,1005,642
67,775,604,1045,720
67,1002,599,1048,663
67,206,567,255,610
67,1033,562,1071,620
67,0,502,271,720
67,16,497,59,550
67,689,407,731,490
67,650,381,694,451
67,915,345,957,391
67,950,261,1280,489
67,448,213,495,275
67,903,210,944,297
67,1219,183,1280,268
67,927,137,949,206
67,950,60,992,138
67,976,33,1053,59
67,1036,24,1123,163
67,193,0,980,720
67,547,0,681,20
68,246,618,388,720
68,1006,615,1048,662
68,356,610,448,709
68,1067,604,1111,683
68,774,600,1042,720
68,907,589,1001,642
68,1033,564,1073,623
68,188,551,262,610
68,0,499,270,720
68,27,484,75,538
68,658,370,708,448
68,956,251,1273,477
68,906,209,944,286
68,368,192,399,235
68,1219,183,1280,267
68,925,127,949,205
68,947,56,992,138
68,967,19,1120,162
68,195,0,978,720
68,551,0,678,19
69,109,692,154,720
69,154,688,255,720
69,246,653,388,720
69,1065,611,1117,683
69,1005,610,1048,661
69,771,600,1044,720
69,290,594,461,710
69,1037,572,1074,624
69,904,569,1002,642
69,0,478,271,720
69,38,472,87,525
69,697,389,730,456
69,888,370,924,415
69,661,352,701,431
69,904,292,949,368
69,956,244,1268,461
69,904,200,944,282
69,375,185,406,229
69,1221,183,1280,267
69,925,125,952,196
69,946,51,992,138
69,972,13,1118,158
69,205,0,977,720
69,554,0,675,18
70,109,675,255,720
70,239,651,388,720
70,1066,611,1116,688
70,1005,610,1075,688
70,771,600,1042,720
70,293,579,469,710
70,1037,571,1074,624
70,904,566,1003,642
70,1024,545,1073,583
70,847,544,898,597
70,0,460,278,720
70,702,378,733,449
70,666,332,704,421
70,205,317,481,588
70,923,288,950,340
70,956,232,1243,450
70,904,195,942,277
70,1219,184,1280,266
70,424,158,777,720
70,924,125,954,189
70,945,45,992,137
70,971,8,1116,147
70,370,0,980,573
70,562,0,675,18
71,109,655,252,720
71,231,650,388,720
71,1005,612,1048,661
71,770,600,1042,720
71,1037,569,1073,623
71,905,547,1001,643
71,1011,545,1074,583
71,843,544,901,597
71,0,448,288,720
71,669,332,707,414
71,922,288,949,339
71,956,216,1235,435
71,1219,195,1280,266
71,904,185,940,261
71,390,169,421,215
71,923,119,952,180
71,371,78,649,320
71,944,41,992,137
71,969,5,1115,140
71,237,0,980,720
72,1005,612,1048,661
72,0,589,101,720
72,1037,571,1073,623
72,897,524,1001,643
72,842,516,903,598
72,987,503,1078,584
72,673,317,710,388
72,954,201,1221,417
72,1220,195,1280,265
72,898,177,935,240
72,1097,113,1135,143
72,922,109,954,180
72,614,96,664,164
72,940,32,992,137
72,968,0,1109,122
72,58,0,1042,720
73,1006,616,1046,660
73,0,573,101,720
73,904,562,1001,643
73,842,514,984,600
73,959,506,996,553
73,980,488,1075,624
73,901,300,928,360
73,914,251,943,332
73,1222,201,1280,260
73,954,192,1210,417
73,898,177,935,240
73,921,107,954,167
73,1089,106,1135,147
73,939,27,991,136
73,968,0,1108,118
73,69,0,1042,720
74,991,614,1046,661
74,0,573,101,720
74,1032,562,1074,619
74,837,495,1002,643
74,956,478,1070,581
74,80,400,420,720
74,1234,211,1280,259
74,952,181,1208,417
74,899,152,934,231
74,920,103,954,166
74,1088,99,1135,147
74,395,59,664,290
74,937,22,990,121
74,1010,0,1105,113
74,967,0,1027,23
74,263,0,1043,720
75,954,476,1074,622
75,686,287,720,363
75,279,285,516,494
75,904,254,939,340
75,1235,214,1280,259
75,953,176,1205,417
75,404,144,532,283
75,896,138,934,238
75,919,98,956,166
75,1084,96,1136,145
75,483,55,671,188
75,937,19,988,120
75,1013,0,1103,109
75,0,0,1073,720
75,39,0,409,15
76,1057,570,1100,656
76,295,272,518,484
76,952,161,1194,419
76,0,161,129,194
76,405,139,545,276
76,891,134,934,231
76,627,109,685,197
76,918,93,954,142
76,1082,90,1142,147
76,1110,58,1165,89
76,469,50,653,179
76,27,44,66,117
76,935,15,986,112
76,1014,0,1100,104
76,0,0,1093,720
76,0,0,496,40
77,1148,661,1203,720
77,1205,634,1280,707
77,305,250,531,457
77,0,161,130,196
77,66,108,149,141
77,917,86,944,130
77,962,80,1158,149
77,1105,56,1154,80
77,549,40,576,84
77,932,6,986,109
77,1011,0,1099,96
77,0,0,1184,720
77,0,0,510,116
78,1148,661,1203,720
78,1205,633,1280,708
78,696,267,731,326
78,905,252,934,302
78,325,241,531,446
78,0,227,148,268
78,0,161,130,196
78,899,119,930,200
78,66,108,144,132
78,445,102,550,257
78,917,83,942,122
78,1104,53,1149,78
78,930,2,985,106
78,1010,0,1096,89
78,0,0,1177,720
78,0,0,504,116
79,1155,661,1203,720
79,1206,633,1280,708
79,904,241,933,293
79,340,238,536,434
79,0,228,148,268
79,0,157,134,196
79,521,148,556,186
79,900,113,930,200
79,67,108,144,132
79,447,104,544,250
79,916,78,946,116
79,1103,45,1146,74
79,1004,0,1096,84
79,929,0,984,105
79,0,0,1175,720
79,0,0,504,116
80,1155,661,1203,720
80,1206,634,1280,708
80,903,236,931,285
80,342,233,540,422
80,0,232,143,269
80,0,157,134,196
80,900,108,929,199
80,447,107,546,245
80,915,75,943,110
80,1003,0,1095,79
80,928,0,984,99
80,0,0,1170,720
80,0,0,504,115
81,1155,661,1203,720
81,1206,633,1280,708
81,0,232,143,269
81,900,228,928,276
81,375,225,543,413
81,0,160,131,196
81,466,107,561,238
81,915,72,942,107
81,1097,34,1147,66
81,927,0,981,100
81,0,0,1166,720
81,0,0,504,115
82,1155,661,1210,720
82,1206,633,1280,708
82,0,232,143,270
82,901,214,928,258
82,0,160,131,207
82,385,96,574,389
82,953,80,1001,129
82,913,65,942,97
82,1091,28,1166,55
82,1001,0,1086,61
82,921,0,983,79
82,0,0,1155,720
82,0,0,505,115
83,1155,661,1203,720
83,1206,634,1280,708
83,1014,550,1094,638
83,385,309,428,345
83,0,228,147,270
83,0,160,131,199
83,403,93,577,378
83,953,81,987,129
83,912,62,941,94
83,1089,25,1139,52
83,1002,0,1085,61
83,922,0,979,79
83,0,0,1151,720
83,0,0,505,115
84,1206,634,1280,708
84,1037,555,1094,635
84,1015,550,1075,609
84,0,233,143,269
84,404,198,564,369
84,0,161,130,196
84,492,86,581,214
84,948,81,986,128
84,912,59,941,89
84,1088,22,1137,49
84,997,0,1084,59
84,921,0,979,77
84,0,0,1149,720
84,0,0,505,115
85,1206,637,1280,708
85,1037,561,1094,635
85,1019,550,1061,580
85,0,233,143,269
85,421,196,564,359
85,0,161,130,196
85,478,82,582,208
85,950,80,986,126
85,911,51,941,85
85,1087,19,1134,44
85,997,0,1082,50
85,920,0,979,68
85,0,0,1142,720
85,0,0,505,115
86,1206,638,1280,708
86,0,161,130,196
86,421,78,583,349
86,947,73,992,125
86,910,49,940,81
86,1086,15,1133,38
86,993,0,1080,47
86,920,0,979,69
86,0,0,1140,720
86,0,0,504,115
87,1206,634,1280,709
87,0,229,146,270
87,435,174,584,332
87,0,161,132,198
87,474,70,598,197
87,946,62,992,119
87,1083,10,1136,30
87,1178,0,1222,37
87,993,0,1078,38
87,920,0,974,61
87,0,0,1135,720
87,590,0,678,100
87,0,0,507,117
88,1206,634,1280,717
88,0,213,167,271
88,82,203,208,272
88,436,169,585,323
88,0,133,150,200
88,470,65,609,192
88,945,57,983,110
88,1080,7,1132,27
88,1178,0,1223,38
88,994,0,1076,34
88,919,0,974,53
88,0,0,1135,720
88,595,0,679,95
88,0,0,510,118
89,354,702,421,720
89,1206,695,1280,720
89,1206,634,1280,709
89,0,213,168,271
89,0,203,212,285
89,436,165,588,315
89,0,133,151,208
89,65,107,145,133
89,470,61,615,187
89,944,57,981,110
89,1079,3,1131,23
89,1178,0,1225,39
89,994,0,1075,31
89,919,0,972,48
89,0,0,1132,720
89,593,0,683,89
89,0,0,511,118
90,1142,634,1280,720
90,0,213,168,271
90,71,203,208,275
90,436,152,593,306
90,937,57,988,112
90,516,56,619,181
90,1178,0,1226,40
90,993,0,1070,28
90,920,0,970,46
90,0,0,1127,720
90,581,0,686,85
90,0,0,514,208
91,1142,634,1280,720
91,0,214,168,271
91,0,203,212,286
91,0,134,151,204
91,66,108,145,134
91,934,55,983,104
91,463,53,628,298
91,1013,13,1127,212
91,1178,0,1226,40
91,993,0,1049,25
91,920,0,967,40
91,0,0,1076,720
91,606,0,690,81
91,0,0,516,119
92,1085,610,1280,720
92,445,279,519,398
92,1073,231,1110,303
92,0,203,212,286
92,463,139,603,283
92,934,46,985,104
92,533,45,632,176
92,1010,6,1127,198
92,1178,0,1226,43
92,994,0,1043,17
92,920,0,966,35
92,0,0,1094,720
92,608,0,694,73
92,0,0,519,211
93,354,592,478,720
93,984,484,1041,519
93,0,204,212,278
93,490,130,613,277
93,941,46,977,79
93,537,39,634,169
93,997,4,1130,188
93,1178,0,1256,49
93,920,0,961,28
93,4,0,1280,720
93,613,0,697,69
93,0,0,519,202
94,5,606,50,720
94,354,592,475,720
94,53,350,522,720
94,478,284,648,629
94,986,259,1020,353
94,960,256,985,377
94,532,252,624,378
94,0,211,514,464
94,0,202,212,280
94,0,135,156,206
94,67,111,146,136
94,337,70,526,95
94,58,54,173,79
94,173,50,320,73
94,904,20,936,45
94,441,18,639,271
94,1177,0,1280,57
94,980,0,1043,15
94,588,0,1280,720
94,593,0,702,64
94,0,0,523,121
95,6,605,50,720
95,354,592,473,720
95,80,502,123,643
95,543,429,582,493
95,171,349,299,527
95,594,284,646,387
95,551,251,617,354
95,1139,123,1204,142
95,903,16,938,45
95,695,11,739,86
95,1078,0,1280,80
95,975,0,1038,40
95,797,0,835,48
95,592,0,1280,720
95,0,0,644,720
96,6,606,50,720
96,354,592,473,720
96,80,503,123,644
96,0,467,71,514
96,546,416,585,482
96,176,341,304,524
96,810,307,836,378
96,595,285,646,386
96,572,251,617,304
96,0,132,538,720
96,1139,120,1202,141
96,222,113,475,134
96,0,109,176,220
96,903,15,936,42
96,699,8,741,82
96,1104,0,1280,77
96,866,0,1132,276
96,976,0,1026,38
96,799,0,835,46
96,0,0,1280,720
97,6,606,50,720
97,644,602,685,666
97,372,592,473,720
97,80,502,124,654
97,177,446,235,524
97,546,417,585,482
97,156,412,467,720
97,235,332,305,436
97,816,292,837,378
97,607,257,664,367
97,570,255,617,303
97,0,176,550,507
97,156,160,212,211
97,1059,150,1142,221
97,187,132,436,174
97,403,113,464,132
97,902,10,934,35
97,1104,0,1280,68
97,892,0,1110,264
97,978,0,1016,33
97,799,0,835,45
97,630,0,1280,720
97,0,0,716,250
98,6,606,50,720
98,364,592,473,720
98,738,503,815,594
98,80,502,123,700
98,156,394,467,720
98,235,327,306,435
98,607,257,664,364
98,571,255,617,303
98,0,199,209,282
98,0,185,558,477
98,156,164,212,211
98,244,136,435,173
98,174,72,524,98
98,902,4,931,33
98,1150,0,1280,57
98,1112,0,1178,15
98,800,0,835,43
98,632,0,1280,720
98,706,0,746,65
98,0,0,715,247
99,6,606,50,720
99,365,592,473,720
99,738,503,815,594
99,80,503,124,646
99,0,468,57,505
99,156,387,480,720
99,270,322,310,372
99,816,279,839,372
99,655,270,764,588
99,614,253,663,346
99,0,199,209,281
99,0,181,563,467
99,156,165,212,211
99,254,148,372,173
99,370,136,432,166
99,0,111,156,221
99,322,73,521,97
99,1150,0,1280,56
99,802,0,835,38
99,636,0,1280,720
99,0,0,713,239
100,7,606,50,720
100,373,592,473,720
100,738,503,815,593
100,80,503,124,646
100,0,408,129,467
100,164,383,488,705
100,273,315,310,364
100,817,273,842,370
100,663,269,765,580
100,614,248,666,346
100,798,245,1280,720
100,0,199,209,281
100,0,176,564,413
100,156,166,212,211
100,0,161,150,221
100,348,73,514,96
100,1152,0,1280,56
100,637,0,1095,286
100,3,0,715,245
101,7,606,50,720
101,374,592,473,720
101,169,528,373,701
101,738,504,815,593
101,80,503,124,645
101,0,469,74,505
101,0,408,129,494
101,303,374,488,549
101,273,315,312,365
101,670,270,768,548
101,816,267,842,373
101,602,240,667,376
101,798,238,1280,720
101,0,160,576,413
101,253,146,344,173
101,349,135,435,172
101,348,72,521,98
101,1152,0,1280,57
101,892,0,1090,254
101,637,0,916,292
101,0,0,722,242
102,339,621,387,692
102,8,605,50,720
102,374,592,473,720
102,168,528,373,699
102,80,499,123,644
102,329,497,382,523
102,353,355,474,483
102,690,260,768,485
102,832,254,909,336
102,738,232,1280,720
102,0,223,101,259
102,0,161,150,229
102,905,27,938,55
102,1097,0,1280,96
102,885,0,1198,259
102,0,0,913,565
103,115,604,175,667
103,2,601,54,720
103,314,590,473,720
103,168,527,281,643
103,360,446,407,481
103,414,382,463,421
103,832,254,903,336
103,691,253,770,483
103,732,231,1280,720
103,1074,153,1179,306
103,1068,119,1119,144
103,904,22,943,58
103,882,0,1280,259
103,0,0,911,644
104,759,680,844,720
104,488,660,604,720
104,690,651,777,720
104,114,588,197,669
104,314,583,477,720
104,724,566,774,612
104,562,535,630,580
104,168,527,275,639
104,725,500,794,567
104,233,477,297,513
104,851,469,907,512
104,710,250,771,420
104,1180,233,1264,268
104,922,232,944,318
104,775,152,1280,720
104,0,0,1280,720
105,0,648,93,720
105,314,572,489,720
105,460,515,514,561
105,472,506,642,720
105,730,480,797,506
105,581,475,646,507
105,726,241,772,385
105,1024,232,1078,280
105,1244,186,1280,246
105,0,0,1280,720
106,327,688,400,720
106,113,678,167,720
106,193,673,333,720
106,313,616,401,678
106,367,513,443,566
106,604,406,670,477
106,734,247,768,355
106,0,0,1280,720
107,0,0,1280,720
108,0,0,1280,720
109,0,0,1280,720
110,0,0,1280,720
111,0,0,1280,720
112,0,0,1280,720
113,0,0,1280,720
114,571,709,659,720
114,0,0,1280,720
115,476,686,694,720
115,0,0,1280,720
116,0,0,1280,720
117,895,288,953,374
117,833,255,894,296
117,0,235,67,265
117,110,177,149,223
117,0,173,94,216
117,901,122,926,181
117,880,0,1280,194
117,0,0,1280,720
118,895,288,952,374
118,110,177,149,223
118,0,174,96,227
118,1075,153,1156,221
118,901,116,927,182
118,663,112,702,156
118,952,101,983,146
118,1054,0,1280,185
118,880,0,1023,114
118,690,0,898,260
118,0,0,1280,720
119,0,174,94,216
119,901,110,927,184
119,665,105,703,155
119,950,96,983,137
119,1056,0,1280,168
119,0,0,1280,720
120,893,213,952,374
120,0,177,88,205
120,901,105,941,181
120,664,100,707,152
120,949,90,983,137
120,1056,0,1280,162
120,881,0,999,105
120,693,0,897,254
120,0,0,1280,720
121,275,660,411,720
121,174,649,312,720
121,850,469,914,509
121,847,301,954,531
121,895,288,952,374
121,950,188,1280,720
121,0,178,85,205
121,901,100,941,181
121,949,83,983,137
121,1056,0,1280,160
121,882,0,997,99
121,665,0,897,246
121,0,0,1108,720
121,16,0,524,73
122,296,667,410,720
122,265,489,1101,720
122,576,476,646,528
122,748,429,792,474
122,118,425,171,470
122,926,419,999,539
122,0,317,268,720
122,847,302,953,530
122,400,300,463,362
122,895,288,952,374
122,0,177,85,205
122,960,173,1280,720
122,0,168,212,282
122,836,137,874,170
122,443,125,605,304
122,899,90,941,182
122,862,86,889,126
122,948,77,986,137
122,91,76,520,288
122,1075,0,1280,112
122,882,0,993,89
122,665,0,895,254
122,30,0,712,180
122,449,0,548,36
122,15,0,518,26
123,275,688,332,720
123,332,686,410,720
123,128,598,181,642
123,0,598,58,715
123,168,528,269,633
123,68,503,294,720
123,313,489,1101,720
123,0,400,138,588
123,0,351,188,407
123,848,311,953,530
123,0,177,85,205
123,0,168,212,281
123,968,163,1280,720
123,451,126,601,301
123,836,124,880,170
123,222,95,520,277
123,900,86,941,182
123,861,84,888,123
123,342,72,534,101
123,944,39,985,145
123,30,19,602,75
123,1078,0,1280,99
123,881,0,992,84
123,666,0,894,255
123,585,0,691,172
123,21,0,518,25
124,80,685,102,720
124,11,599,57,720
124,169,528,285,650
124,78,503,411,720
124,313,489,1101,720
124,0,471,52,520
124,0,409,122,487
124,102,362,186,397
124,854,336,953,530
124,0,180,83,204
124,0,169,211,281
124,963,159,1280,720
124,463,127,600,281
124,836,122,880,170
124,230,96,465,274
124,899,81,941,178
124,860,76,886,122
124,262,44,473,72
124,474,42,563,64
124,944,35,984,145
124,454,24,602,50
124,1078,0,1280,87
124,884,0,989,80
124,671,0,890,246
124,587,0,687,167
124,22,0,518,23
125,96,621,414,720
125,375,592,473,720
125,170,534,274,643
125,452,480,1080,720
125,879,461,939,504
125,894,288,951,410
125,315,205,349,286
125,0,204,207,273
125,557,161,621,233
125,964,143,1280,720
125,693,101,740,186
125,254,94,376,251
125,942,30,988,155
125,1165,11,1232,49
125,887,0,969,75
125,668,0,944,260
125,582,0,686,160
125,20,0,505,23
126,106,619,414,720
126,170,534,272,640
126,452,467,1073,720
126,307,202,350,302
126,511,150,635,302
126,257,92,342,240
126,682,91,745,199
126,574,0,1280,720
126,16,0,491,34
127,289,638,360,675
127,94,534,414,720
127,81,511,127,661
127,452,440,1063,720
127,311,197,352,295
127,261,89,337,229
127,830,18,1280,720
127,512,0,960,306
127,16,0,539,34
128,277,625,418,714
128,421,597,473,718
128,107,534,414,720
128,81,511,127,663
128,452,427,1063,720
128,741,258,774,304
128,314,193,352,285
128,557,128,701,248
128,264,87,336,224
128,827,13,1280,720
128,982,8,1029,92
128,575,0,958,261
128,36,0,538,30
129,107,534,473,720
129,81,511,127,663
129,452,415,1063,720
129,325,191,350,262
129,265,85,335,222
129,981,4,1028,90
129,557,0,1280,720
129,36,0,538,30
130,94,534,459,720
130,81,511,127,663
130,452,404,1032,720
130,325,189,350,262
130,264,83,335,220
130,979,0,1024,90
130,574,0,1280,720
130,36,0,538,30
131,919,663,952,720
131,978,597,1040,652
131,107,526,419,720
131,81,511,127,663
131,453,392,995,720
131,314,184,355,294
131,0,181,90,207
131,260,81,334,212
131,572,0,1280,720
131,36,0,538,29
132,920,601,1040,653
132,418,597,473,718
132,81,510,128,667
132,162,503,435,720
132,456,361,980,720
132,992,327,1019,400
132,0,219,205,290
132,0,181,90,208
132,311,174,360,298
132,253,79,333,206
132,493,0,1280,720
132,36,0,537,29
133,460,698,528,720
133,951,601,1040,653
133,158,490,416,720
133,988,320,1021,403
133,0,219,203,290
133,827,194,892,247
133,0,182,90,208
133,287,169,370,341
133,252,78,332,200
133,366,0,1280,720
133,39,0,537,28
134,564,694,635,715
134,458,675,540,720
134,1145,654,1261,720
134,978,601,1039,638
134,134,479,416,720
134,194,435,254,484
134,976,303,1030,417
134,810,259,894,336
134,0,219,208,290
134,912,217,942,322
134,0,170,129,208
134,232,149,388,416
134,250,95,328,197
134,363,0,1280,720
134,36,0,532,27
135,62,684,99,720
135,876,534,952,612
135,1214,500,1280,538
135,972,291,1053,500
135,0,218,208,288
135,0,170,129,208
135,82,0,1273,720
135,39,0,531,28
136,513,698,585,720
136,989,653,1089,720
136,108,634,147,720
136,834,633,924,716
136,89,629,118,687
136,1058,606,1113,666
136,34,554,99,593
136,1035,481,1074,565
136,1198,471,1268,501
136,37,385,81,426
136,0,367,41,427
136,957,270,1054,486
136,0,218,208,288
136,0,170,128,209
136,300,56,448,86
136,0,0,1243,720
136,36,0,531,28
137,957,636,1089,720
137,978,600,1085,697
137,1058,568,1132,713
137,1184,219,1280,345
137,0,171,129,242
137,197,0,464,16
137,0,0,1235,720
138,973,684,1040,720
138,1175,643,1235,707
138,1169,575,1220,634
138,834,559,1139,720
138,1171,411,1221,436
138,1177,215,1280,377
138,0,164,136,243
138,1166,0,1280,40
138,0,0,1210,720
138,36,0,464,17
139,682,696,777,720
139,1151,567,1236,707
139,1171,200,1280,377
139,0,186,93,243
139,84,170,135,217
139,0,0,1280,720
139,36,0,464,19
140,1143,552,1280,714
140,0,246,64,268
140,1165,188,1280,377
140,0,186,94,246
140,84,171,150,236
140,0,0,1280,720
141,1206,648,1280,714
141,1143,552,1244,708
141,1162,177,1280,377
141,0,171,151,246
141,0,0,1280,720
142,1100,457,1157,486
142,0,236,111,271
142,1145,187,1280,399
142,0,0,1280,720
143,1120,495,1280,720
143,1099,458,1155,486
143,0,236,111,272
143,1139,182,1280,398
143,0,152,160,247
143,0,0,1280,720
144,0,237,113,271
144,1139,182,1280,398
144,0,152,159,247
144,0,0,1280,720
145,0,237,114,271
145,1143,186,1280,398
145,0,152,171,247
145,0,0,1280,720
146,1143,186,1276,387
146,0,152,159,271
146,0,0,1280,720
147,0,539,54,631
147,1139,183,1280,399
147,0,152,171,271
147,0,0,1280,720
148,0,522,79,621
148,1138,183,1280,413
148,0,0,1280,720
149,0,506,84,610
149,1074,380,1159,496
149,0,238,115,270
149,1174,234,1280,413
149,1074,220,1132,248
149,1130,136,1280,377
149,0,0,1280,720
150,1123,496,1280,720
150,0,461,102,594
150,1072,380,1159,498
150,0,238,113,270
150,1074,221,1130,247
150,0,152,153,247
150,0,0,1280,720
151,0,442,115,581
151,1181,244,1280,413
151,0,214,155,271
151,1115,137,1280,368
151,0,0,1280,720
152,1072,377,1160,490
152,1107,140,1280,368
152,0,0,1280,720
153,1090,418,1280,720
153,1073,378,1124,425
153,1107,138,1280,368
153,1168,109,1280,134
153,0,0,1280,720
154,1234,575,1280,636
154,1114,497,1280,720
154,179,450,281,571
154,1092,418,1157,490
154,175,398,337,449
154,1073,378,1122,419
154,0,353,169,527
154,43,347,150,378
154,1218,282,1280,343
154,0,246,139,278
154,0,152,149,247
154,1108,131,1280,261
154,1176,110,1280,127
154,0,0,1280,720
155,1133,550,1280,720
155,180,530,231,570
155,1121,497,1188,555
155,210,465,280,493
155,1092,419,1156,489
155,204,398,330,445
155,0,350,177,514
155,63,348,149,374
155,0,246,139,278
155,1106,129,1280,261
155,0,0,1280,720
156,1152,675,1207,720
156,1133,550,1280,719
156,180,505,258,570
156,210,466,280,493
156,1092,420,1155,489
156,0,318,185,501
156,0,246,139,278
156,1192,142,1280,177
156,1092,106,1222,238
156,0,0,1280,720
157,1134,561,1280,720
157,181,530,231,571
157,1092,420,1156,491
157,0,363,23,399
157,0,246,141,279
157,0,152,149,246
157,1200,150,1280,177
157,1085,105,1202,187
157,1065,48,1280,108
157,1019,0,1280,55
157,0,0,1146,720
158,124,620,180,668
158,1134,562,1280,720
158,181,530,231,559
158,1097,447,1155,490
158,0,352,36,388
158,0,246,141,280
158,0,152,149,246
158,1075,96,1190,172
158,1067,48,1280,108
158,1019,0,1280,55
158,0,0,1140,720
159,1158,649,1280,720
159,90,647,137,720
159,1134,563,1221,637
159,1097,448,1155,487
159,282,274,398,321
159,0,246,139,279
159,0,207,37,245
159,460,161,550,176
159,0,152,149,228
159,1055,96,1189,161
159,1152,84,1280,108
159,1226,53,1280,83
159,1112,50,1226,78
159,1135,0,1280,47
159,0,0,1148,720
160,90,647,118,692
160,1158,635,1280,720
160,1135,563,1216,636
160,282,280,363,321
160,556,214,610,256
160,425,205,561,351
160,464,162,549,176
160,0,152,149,232
160,1047,95,1186,161
160,1204,85,1280,103
160,1136,51,1226,76
160,1171,0,1280,48
160,1019,0,1111,38
160,0,0,1125,720
161,91,648,118,693
161,1137,611,1280,720
161,637,442,684,528
161,0,289,266,720
161,0,246,141,297
161,79,211,214,286
161,426,202,561,343
161,0,152,149,220
161,1034,88,1184,159
161,1170,86,1280,108
161,1136,51,1227,77
161,1171,0,1280,47
161,1019,0,1102,33
161,119,0,1125,720
161,0,0,560,227
162,1087,566,1280,720
162,201,462,268,492
162,638,442,686,526
162,0,212,277,720
162,428,191,586,328
162,0,172,129,220
162,969,108,1019,159
162,1005,77,1190,139
162,1191,76,1280,104
162,1140,51,1226,77
162,51,41,206,54
162,1171,0,1280,48
162,1019,0,1091,31
162,124,0,1116,720
162,0,0,563,218
163,89,574,196,652
163,1087,544,1280,720
163,1012,490,1082,551
163,652,442,694,498
163,48,296,97,331
163,0,212,275,720
163,433,185,586,321
163,0,172,130,214
163,961,92,1019,159
163,1002,63,1248,138
163,1141,52,1226,78
163,1175,0,1280,49
163,1019,0,1076,24
163,123,0,1103,720
163,0,0,563,217
164,94,656,133,720
164,1087,525,1280,720
164,971,278,1059,489
164,0,212,275,720
164,570,195,697,214
164,0,172,133,229
164,434,167,586,314
164,958,63,1190,160
164,1142,52,1225,79
164,1175,0,1280,49
164,147,0,1099,720
164,0,0,563,214
165,124,688,201,720
165,0,628,143,720
165,216,576,269,620
165,38,516,124,643
165,1098,507,1280,720
165,939,442,988,493
165,1004,417,1059,487
165,171,294,545,720
165,969,266,1033,416
165,0,212,261,651
165,0,172,130,226
165,450,168,581,307
165,956,62,1139,159
165,1176,0,1280,48
165,423,0,1099,720
165,0,0,563,210
166,125,666,227,720
166,217,576,269,620
166,171,537,378,720
166,1004,417,1059,485
166,259,294,535,714
166,973,281,1033,416
166,0,212,268,720
166,454,169,583,301
166,590,164,679,191
166,0,153,149,224
166,949,63,1136,160
166,1176,0,1280,49
166,423,0,1280,720
166,0,0,563,210
167,421,604,478,720
167,499,531,570,635
167,0,519,294,720
167,834,516,1088,720
167,1030,457,1280,720
167,552,438,622,533
167,594,360,656,449
167,661,297,994,720
167,900,285,940,316
167,171,282,512,705
167,634,254,693,359
167,0,203,294,559
167,434,158,611,288
167,947,54,1112,160
167,1178,0,1243,50
167,640,0,1012,336
167,613,0,686,26
167,0,0,565,229
168,834,610,1088,720
168,422,604,478,720
168,499,555,570,635
168,0,543,177,720
168,143,536,381,720
168,896,516,1040,615
168,569,449,622,490
168,1030,441,1280,720
168,594,360,654,448
168,0,332,173,559
168,661,291,994,720
168,296,276,509,559
168,634,255,692,358
168,0,194,301,347
168,439,153,618,288
168,874,61,958,164
168,945,52,1104,160
168,1178,0,1243,50
168,876,0,1012,75
168,646,0,902,334
168,616,0,686,26
168,0,0,565,229
169,422,604,478,720
169,272,554,381,576
169,0,536,374,720
169,834,516,1088,720
169,569,450,617,490
169,1030,426,1280,720
169,603,360,649,422
169,0,333,172,559
169,690,283,993,720
169,296,274,508,552
169,636,255,692,358
169,0,192,315,339
169,443,147,620,285
169,892,57,958,164
169,942,51,1102,161
169,1178,0,1241,50
169,875,0,1010,70
169,648,0,902,331
169,0,0,565,229
170,422,604,478,720
170,834,569,1088,720
170,0,536,388,720
170,897,516,994,607
170,296,484,388,551
170,863,470,993,543
170,1030,411,1280,720
170,0,322,169,554
170,691,283,930,720
170,640,265,689,349
170,334,262,510,494
170,0,183,314,331
170,443,142,606,285
170,890,48,1091,164
170,1178,0,1240,50
170,874,0,1009,66
170,660,0,911,321
170,0,0,565,221
171,834,565,1088,720
171,897,516,993,607
171,0,516,388,720
171,863,471,979,525
171,1030,398,1280,720
171,701,283,927,720
171,343,264,521,494
171,0,183,316,554
171,454,137,605,279
171,893,45,1089,164
171,1178,0,1239,50
171,873,0,1003,62
171,660,0,912,321
171,0,0,566,229
172,836,632,952,720
172,109,631,176,720
172,420,599,476,720
172,921,576,1090,720
172,0,514,416,720
172,880,469,971,515
172,38,402,88,436
172,1002,367,1280,720
172,97,351,150,378
172,739,284,1041,631
172,469,275,506,322
172,1033,159,1169,322
172,377,126,680,359
172,894,46,953,158
172,936,41,1062,131
172,1179,0,1226,52
172,869,0,1003,57
172,676,0,927,320
172,684,0,735,63
172,0,0,568,313
173,836,632,950,720
173,109,631,176,720
173,420,599,475,720
173,921,576,1090,720
173,896,515,1041,616
173,739,512,922,632
173,0,509,419,720
173,880,469,971,513
173,97,353,148,378
173,1008,350,1280,720
173,760,284,911,505
173,1058,194,1165,322
173,0,165,358,306
173,380,122,658,353
173,893,41,943,144
173,932,37,1062,131
173,1179,0,1226,52
173,868,0,1000,50
173,684,0,927,312
173,684,0,740,62
173,0,0,568,179
174,836,633,952,720
174,420,599,475,720
174,917,577,1092,720
174,896,515,1041,616
174,739,513,922,632
174,0,497,419,720
174,880,469,971,513
174,97,353,146,378
174,1008,340,1280,720
174,137,291,176,350
174,1077,221,1140,278
174,432,117,663,292
174,892,34,1057,141
174,1178,0,1226,52
174,868,0,995,49
174,684,0,922,494
174,759,0,793,38
174,688,0,740,60
174,0,0,570,299
175,837,633,950,720
175,420,599,475,720
175,916,577,1092,720
175,739,513,922,631
175,895,510,1041,616
175,0,485,419,720
175,880,470,971,513
175,97,353,146,377
175,1002,329,1280,720
175,150,286,189,318
175,776,263,911,493
175,433,112,646,290
175,890,30,1057,136
175,1178,0,1226,52
175,868,0,990,46
175,684,0,919,295
175,696,0,740,45
175,0,0,570,294
176,837,633,942,720
176,420,599,475,720
176,739,513,1092,720
176,895,511,1089,689
176,0,475,419,720
176,880,469,980,517
176,787,346,911,469
176,999,313,1280,720
176,149,282,200,327
176,794,262,901,389
176,1093,208,1131,250
176,442,108,672,281
176,889,26,1058,132
176,1179,7,1226,52
176,868,0,986,42
176,684,0,918,288
176,0,0,570,291
177,1082,686,1135,720
177,837,632,943,720
177,420,600,475,720
177,739,510,1092,720
177,881,469,971,513
177,0,452,419,720
177,1015,290,1280,720
177,149,268,209,320
177,791,267,911,447
177,454,99,642,267
177,887,21,1057,130
177,1179,0,1227,53
177,868,0,981,35
177,688,0,917,276
177,0,0,570,288
178,1085,686,1135,720
178,837,633,950,720
178,420,600,475,720
178,739,514,1090,720
178,880,470,971,513
178,0,440,399,720
178,1016,287,1280,720
178,150,268,208,318
178,787,261,912,447
178,0,141,352,288
178,454,96,642,265
178,885,14,1052,125
178,1179,0,1227,53
178,866,0,981,31
178,687,0,912,271
178,0,0,571,147
179,744,633,952,720
179,421,600,475,720
179,739,511,1090,720
179,880,470,971,514
179,0,432,396,720
179,1016,272,1280,720
179,150,267,212,318
179,787,239,912,435
179,455,175,544,264
179,0,138,340,288
179,526,91,642,222
179,884,13,1040,123
179,1178,0,1226,52
179,868,0,975,28
179,702,0,911,263
179,0,0,570,147
180,738,633,984,720
180,918,604,1090,720
180,421,600,475,720
180,880,466,971,514
180,0,419,421,720
180,739,269,1280,720
180,137,261,212,335
180,787,226,911,435
180,455,175,543,264
180,0,134,333,288
180,526,88,642,213
180,882,10,1038,123
180,1178,8,1226,53
180,870,0,976,26
180,702,0,910,252
180,0,0,570,147
181,733,634,990,720
181,925,604,1089,720
181,421,600,475,720
181,815,590,921,632
181,739,514,825,608
181,0,411,424,720
181,880,259,1280,720
181,143,257,213,320
181,794,222,911,435
181,455,176,544,262
181,0,131,315,288
181,527,83,645,207
181,1178,12,1225,53
181,877,6,1032,122
181,868,0,974,23
181,702,0,910,236
181,0,0,570,143
182,730,634,1033,720
182,1105,628,1157,711
182,1154,613,1280,720
182,925,604,1065,720
182,422,600,475,720
182,740,514,825,608
182,815,511,1041,632
182,881,466,971,514
182,0,392,433,720
182,794,268,911,435
182,150,251,221,319
182,1007,242,1280,649
182,822,215,869,271
182,456,176,544,262
182,0,124,302,288
182,527,75,658,194
182,1179,0,1225,53
182,868,0,962,17
182,715,0,1032,228
182,30,0,570,147
182,8,0,62,30
183,1108,621,1157,711
183,1148,602,1280,720
183,422,600,475,720
183,731,593,1090,720
183,1033,568,1096,649
183,740,514,825,609
183,895,512,1041,616
183,881,471,971,513
183,0,383,435,720
183,149,248,221,319
183,1007,234,1280,614
183,794,212,911,435
183,456,176,543,262
183,0,121,296,288
183,527,71,658,187
183,1179,0,1225,53
183,715,0,1026,221
183,30,0,559,147
184,422,600,474,720
184,1105,598,1153,692
184,1134,583,1280,720
184,1033,569,1096,649
184,732,514,1090,720
184,897,512,1059,647
184,881,471,971,513
184,0,373,432,720
184,150,244,226,318
184,1005,225,1280,599
184,794,210,911,435
184,464,176,544,253
184,0,172,130,231
184,0,118,275,288
184,527,67,665,184
184,715,0,1025,221
184,30,0,559,136
184,9,0,62,30
185,422,604,474,720
185,1106,581,1153,692
185,1033,572,1096,650
185,1134,565,1280,720
185,693,514,1089,720
185,881,471,971,514
185,0,365,437,720
185,150,243,228,318
185,1004,218,1280,578
185,794,209,911,435
185,464,192,520,252
185,534,175,580,233
185,0,173,130,217
185,0,116,265,288
185,527,64,665,179
185,723,0,1024,219
185,9,0,569,136
186,160,694,223,720
186,422,604,474,720
186,1060,574,1096,650
186,1131,547,1280,720
186,685,514,1089,720
186,881,471,971,514
186,0,357,449,720
186,150,239,229,318
186,996,211,1280,564
186,799,208,911,435
186,464,192,518,251
186,534,173,585,233
186,0,173,130,217
186,528,122,577,174
186,0,114,260,288
186,575,60,670,174
186,737,0,1024,194
186,9,0,569,136
187,39,693,85,720
187,120,664,286,720
187,1057,648,1134,720
187,1120,519,1280,720
187,674,516,1089,720
187,881,471,971,511
187,0,340,444,720
187,990,191,1280,528
187,799,186,911,435
187,0,173,130,215
187,539,162,592,225
187,0,109,257,318
187,575,50,702,163
187,740,0,1023,190
187,17,0,564,136
188,39,679,90,720
188,122,648,292,720
188,1056,646,1134,720
188,684,515,1089,720
188,1118,503,1280,720
188,881,471,971,511
188,0,333,439,720
188,993,186,1280,513
188,808,185,896,372
188,0,173,130,215
188,539,159,598,225
188,0,106,253,316
188,576,48,679,159
188,740,0,1023,174
188,17,0,564,136
189,40,672,90,720
189,1034,575,1134,720
189,693,515,1089,720
189,1111,490,1280,720
189,881,471,968,511
189,0,325,453,720
189,808,185,896,371
189,994,181,1280,499
189,0,174,130,215
189,540,152,599,223
189,0,104,250,315
189,582,43,688,154
189,740,0,1023,168
189,29,0,563,116
190,41,673,89,720
190,1032,575,1133,720
190,693,515,1089,720
190,1110,470,1280,720
190,0,319,444,720
190,0,174,130,215
190,994,171,1280,486
190,808,153,896,361
190,540,147,603,223
190,0,102,247,314
190,582,40,685,149
190,740,0,1021,159
190,29,0,563,53
191,48,673,90,720
191,0,656,35,720
191,260,611,315,651
191,1002,575,1130,720
191,693,506,1089,720
191,1102,453,1280,720
191,0,312,425,720
191,808,257,896,348
191,0,243,155,285
191,0,175,130,215
191,992,165,1280,463
191,818,151,883,265
191,549,143,603,210
191,97,100,245,313
191,582,36,695,145
191,742,0,1019,157
191,42,0,559,48
192,48,681,89,714
192,0,656,35,720
192,85,608,140,674
192,991,560,1130,720
192,695,472,1089,720
192,1064,437,1091,491
192,0,298,447,720
192,809,260,896,348
192,0,244,150,285
192,97,209,236,313
192,0,175,130,215
192,760,154,794,202
192,983,151,1280,720
192,808,139,883,265
192,550,133,614,206
192,137,97,232,243
192,958,85,993,111
192,582,29,702,135
192,728,0,1019,167
192,43,0,559,33
193,0,656,35,720
193,85,608,139,671
193,1002,550,1129,720
193,699,472,1089,720
193,1060,427,1090,491
193,1090,394,1280,720
193,0,292,436,720
193,815,266,896,348
193,0,247,138,284
193,110,208,235,312
193,0,191,90,216
193,983,144,1280,423
193,554,127,616,202
193,151,95,232,225
193,583,26,704,131
193,728,0,1018,265
193,42,0,559,33
194,1209,657,1280,720
194,0,657,42,720
194,85,608,139,670
194,992,535,1129,720
194,703,463,1089,720
194,1057,408,1090,490
194,1085,381,1280,716
194,0,285,445,720
194,817,266,896,342
194,0,248,137,284
194,112,201,238,312
194,0,191,90,216
194,993,137,1280,411
194,554,122,621,202
194,913,118,947,158
194,149,93,231,224
194,592,23,705,126
194,43,4,489,33
194,728,0,1018,265
195,1209,658,1280,720
195,0,657,42,720
195,85,608,139,668
195,987,526,1129,720
195,704,454,1088,720
195,1052,400,1088,483
195,1083,366,1280,716
195,0,278,446,720
195,817,266,896,338
195,0,249,134,284
195,992,132,1280,403
195,553,119,623,202
195,909,110,946,156
195,128,91,239,305
195,593,20,702,122
195,44,4,489,33
195,728,0,1017,264
196,1209,658,1280,720
196,89,608,139,666
196,711,444,1128,720
196,1052,388,1088,483
196,1080,352,1280,716
196,0,272,446,720
196,0,249,134,284
196,820,221,912,338
196,1235,208,1280,259
196,993,124,1256,387
196,554,114,627,202
196,906,106,959,152
196,128,89,239,292
196,613,16,711,118
196,44,9,489,33
196,729,0,1009,264
197,90,665,122,713
197,1210,658,1280,720
197,91,579,155,650
197,123,506,408,720
197,730,417,1114,720
197,1044,364,1092,491
197,1068,315,1280,720
197,1227,280,1257,326
197,521,94,659,230
197,0,85,447,720
197,587,9,701,107
197,48,6,547,38
197,669,0,1247,381
197,44,0,479,32
198,94,579,153,649
198,123,495,408,720
198,733,413,1116,720
198,1039,351,1091,490
198,758,268,904,386
198,521,93,660,231
198,0,83,447,720
198,587,6,704,102
198,680,0,1280,720
198,44,0,479,32
199,123,483,414,720
199,732,374,1100,720
199,1035,343,1090,490
199,762,220,912,385
199,543,93,658,210
199,0,82,447,720
199,593,3,704,98
199,682,0,1280,720
199,44,0,478,32
200,168,472,422,720
200,61,402,112,455
200,732,374,1100,720
200,1032,335,1088,481
200,1065,277,1280,720
200,762,220,912,372
200,543,89,705,210
200,0,80,450,720
200,44,14,358,32
200,702,0,1224,335
200,596,0,704,95
201,169,466,427,720
201,726,377,1100,720
201,1033,321,1088,477
201,1064,267,1280,720
201,765,264,896,368
201,0,80,458,720
201,44,12,346,32
201,721,0,1213,325
201,688,0,787,34
201,550,0,710,210
202,162,665,206,720
202,729,350,1099,720
202,1033,316,1081,459
202,1057,266,1280,720
202,779,265,896,355
202,0,76,461,720
202,551,0,1209,302
202,634,0,717,84
203,161,665,242,720
203,223,440,432,617
203,1033,317,1080,452
203,731,313,1099,720
203,1054,255,1280,720
203,804,220,912,361
203,0,75,460,720
203,552,69,719,204
203,723,0,1207,293
203,637,0,719,80
204,125,668,242,720
204,231,429,431,606
204,1033,317,1077,446
204,1054,249,1280,720
204,730,220,1098,720
204,0,73,460,720
204,554,69,763,202
204,728,0,1199,285
204,639,0,719,76
205,111,656,256,720
205,986,573,1023,619
205,238,421,436,587
205,1033,317,1072,428
205,1051,241,1280,720
205,733,220,1098,720
205,0,72,465,720
205,554,66,765,200
205,729,0,1195,282
205,638,0,720,72
206,111,641,262,720
206,243,407,438,565
206,1034,325,1069,418
206,733,307,1082,720
206,1050,236,1280,720
206,815,220,912,341
206,0,71,465,720
206,554,60,721,198
206,729,0,1195,266
206,642,0,726,69
207,427,691,581,720
207,9,533,61,567
207,257,394,449,534
207,1025,290,1061,391
207,1047,221,1280,720
207,734,219,1098,720
207,0,68,472,720
207,555,49,726,197
207,729,0,1193,266
207,642,0,731,62
208,381,682,439,720
208,771,674,792,720
208,427,673,603,720
208,266,391,449,521
208,1026,290,1061,390
208,734,234,1081,720
208,1042,211,1280,720
208,0,67,465,720
208,560,49,724,197
208,63,13,333,33
208,729,0,1191,262
208,642,0,733,59
209,960,681,1004,720
209,376,664,448,720
209,427,656,648,720
209,228,589,261,622
209,269,384,452,506
209,1021,273,1057,378
209,733,219,1074,720
209,1039,205,1280,720
209,2,65,463,720
209,571,49,723,175
209,733,0,1191,252
209,646,0,735,55
210,0,660,35,720
210,373,646,456,720
210,427,640,682,720
210,264,587,300,640
210,224,578,270,629
210,274,378,446,491
210,733,268,1072,720
210,1020,259,1057,377
210,1035,195,1280,720
210,6,64,463,720
210,571,47,725,175
210,44,12,264,33
210,738,0,1186,231
210,647,0,739,52
211,1094,685,1167,720
211,923,657,1049,720
211,0,649,51,720
211,372,628,464,720
211,426,622,698,720
211,264,577,310,640
211,42,495,104,536
211,282,371,447,480
211,733,234,1097,720
211,22,64,458,720
211,587,44,723,153
211,738,0,1280,720
211,668,0,734,48
211,44,0,452,33
212,993,649,1079,709
212,333,592,712,720
212,0,576,80,720
212,187,551,328,640
212,44,507,103,535
212,84,470,130,498
212,293,354,463,456
212,734,234,1049,720
212,30,57,457,720
212,592,30,736,153
212,738,0,1280,720
212,668,0,739,41
212,44,0,569,36
213,341,576,718,720
213,0,563,82,720
213,47,544,116,659
213,294,344,468,444
213,728,234,1088,720
213,30,66,444,720
213,571,30,739,173
213,738,0,1280,720
213,670,0,733,38
213,44,0,408,36
214,367,563,716,720
214,0,517,125,717
214,301,291,556,439
214,727,234,1091,720
214,931,224,992,281
214,831,203,869,261
214,31,71,430,720
214,591,36,638,91
214,563,0,1280,720
214,667,0,727,35
214,44,0,568,36
214,110,0,238,17
215,352,549,714,720
215,0,517,125,701
215,123,433,171,457
215,305,291,545,431
215,730,234,1091,720
215,807,204,863,256
215,31,65,428,720
215,564,0,1280,720
215,670,0,726,33
215,43,0,568,36
215,110,0,225,15
216,1034,578,1087,704
216,364,537,720,720
216,0,512,125,720
216,315,292,544,416
216,731,234,1091,720
216,32,65,428,720
216,565,0,1280,720
216,670,0,732,29
216,44,0,568,36
216,110,0,221,15
217,366,512,726,720
217,0,464,267,720
217,734,218,1091,720
217,31,65,544,629
217,593,0,1280,720
217,675,0,739,23
217,44,0,568,36
217,110,0,220,15
218,366,498,726,720
218,0,450,300,720
218,735,232,1091,720
218,32,68,521,629
218,594,19,707,152
218,805,0,884,9
218,716,0,1280,720
218,685,0,732,21
218,44,0,568,36
218,38,0,368,28
219,953,517,1010,579
219,366,486,729,720
219,0,438,344,720
219,735,226,1091,720
219,32,69,508,629
219,595,18,709,152
219,44,12,410,36
219,718,0,1280,720
220,366,476,729,720
220,0,426,382,720
220,446,293,501,353
220,735,219,1090,720
220,393,198,417,248
220,32,69,449,624
220,595,11,709,150
220,721,0,1280,720
221,366,465,733,720
221,0,415,382,720
221,735,210,1091,720
221,176,146,448,619
221,143,146,234,264
221,32,70,217,214
221,597,11,709,149
221,736,0,1280,720
222,1232,663,1280,715
222,263,613,298,652
222,201,555,268,631
222,951,440,1280,720
222,737,202,1077,720
222,0,141,742,720
222,56,78,206,194
222,1132,58,1168,99
222,625,6,708,95
222,748,0,1280,512
223,766,646,793,710
223,875,620,1049,720
223,835,612,904,720
223,1039,584,1075,635
223,1166,582,1212,637
223,906,579,999,660
223,913,493,1003,570
223,950,480,1100,597
223,263,415,380,494
223,224,400,275,459
223,755,195,1037,617
223,0,138,833,720
223,65,91,179,166
223,1115,45,1180,110
223,644,4,706,85
223,949,0,1255,401
223,763,0,945,137
224,769,646,792,710
224,879,640,1035,720
224,876,621,927,680
224,836,614,878,720
224,1039,585,1075,635
224,907,578,999,660
224,914,497,1003,570
224,948,467,1088,597
224,744,432,821,651
224,224,401,376,482
224,757,190,1037,617
224,0,134,748,720
224,66,93,133,133
224,1113,43,1176,110
224,644,1,708,84
224,951,0,1247,351
224,767,0,942,135
225,879,640,1035,720
225,877,622,925,677
225,840,614,875,720
225,907,579,998,660
225,1040,578,1077,631
225,914,497,1004,578
225,832,471,987,616
225,899,465,951,500
225,942,454,1080,596
225,749,429,819,601
225,759,184,1030,478
225,0,132,795,720
225,66,94,125,131
225,1112,40,1170,99
225,950,0,1236,339
225,770,0,905,134
225,645,0,708,84
226,905,639,1028,720
226,839,613,868,699
226,875,580,911,616
226,953,498,1001,569
226,919,498,957,539
226,833,458,998,660
226,903,457,951,500
226,940,443,1068,567
226,750,408,810,543
226,290,379,379,455
226,740,179,1036,467
226,0,129,792,720
226,1106,30,1197,97
226,948,0,1216,310
226,776,0,903,129
226,662,0,708,63
227,1184,646,1280,720
227,843,641,868,693
227,930,639,1002,720
227,926,616,998,660
227,918,535,991,627
227,836,441,864,580
227,754,408,800,492
227,142,191,178,244
227,0,167,1045,720
227,54,124,550,516
227,1098,14,1236,107
227,930,0,1178,237
227,781,0,897,110
228,930,642,1001,720
228,1142,618,1280,720
228,926,616,993,660
228,918,537,991,627
228,920,494,988,555
228,884,493,932,562
228,837,433,858,544
228,42,422,106,466
228,931,419,1002,530
228,754,412,798,491
228,111,192,177,259
228,0,160,1052,720
228,77,118,591,504
228,366,63,434,82
228,695,50,749,113
228,526,40,634,96
228,1097,13,1226,100
228,925,0,1172,228
228,784,0,895,92
229,1091,591,1280,720
229,906,434,1014,650
229,35,402,122,479
229,101,180,191,264
229,0,116,1063,720
229,640,43,760,145
229,1094,0,1280,98
229,922,0,1161,208
229,788,0,894,85
229,43,0,665,140
229,101,0,237,21
230,1099,563,1280,720
230,918,562,1007,627
230,804,528,840,567
230,917,499,957,538
230,906,434,985,549
230,138,180,186,247
230,44,14,289,31
230,1092,0,1280,96
230,918,0,1157,201
230,789,0,893,79
230,0,0,1060,720
230,316,0,609,43
230,236,0,546,29
231,941,565,978,607
231,1084,541,1280,720
231,798,464,838,514
231,907,434,950,499
231,922,394,966,491
231,1250,238,1280,272
231,138,203,186,247
231,1232,154,1280,201
231,43,11,235,31
231,1088,0,1280,96
231,917,0,1153,196
231,792,0,891,64
231,0,0,1060,720
231,324,0,545,27
231,236,0,376,20
232,735,670,769,720
232,979,624,1085,720
232,803,526,840,568
232,1027,496,1280,720
232,795,457,840,515
232,904,379,961,490
232,0,369,53,439
232,0,292,118,342
232,0,254,125,288
232,1084,0,1280,290
232,907,0,1143,189
232,794,0,890,56
232,0,0,1063,720
233,428,662,701,720
233,735,653,776,720
233,1027,480,1280,720
233,795,457,841,515
233,918,370,960,490
233,1251,230,1280,290
233,1218,131,1280,207
233,1082,0,1280,135
233,910,0,1140,188
233,794,0,889,56
233,0,0,1060,720
233,44,0,546,30
234,428,646,695,720
234,735,629,793,720
234,979,624,1098,720
234,854,473,951,541
234,1035,461,1280,720
234,797,458,840,512
234,600,145,702,191
234,1229,141,1280,191
234,1081,0,1280,86
234,910,0,1140,188
234,795,0,889,48
234,0,0,1046,720
234,44,0,543,30
235,428,630,699,720
235,735,623,788,720
235,980,619,1077,678
235,900,529,1010,604
235,854,474,957,539
235,797,457,840,507
235,1068,448,1280,720
235,809,399,838,442
235,911,348,960,490
235,311,80,369,101
235,224,74,270,112
235,82,38,224,61
235,0,23,1032,720
235,1081,0,1280,76
235,911,0,1140,180
235,796,0,889,46
235,30,0,585,59
235,42,0,543,33
236,426,615,730,720
236,735,599,791,720
236,972,586,1057,671
236,780,577,919,625
236,1068,428,1280,720
236,807,399,838,441
236,367,238,411,325
236,698,140,775,188
236,0,112,1028,720
236,82,102,601,405
236,640,45,767,145
236,368,43,639,142
236,1081,0,1280,70
236,919,0,1139,180
236,796,0,889,42
236,41,0,577,52
236,40,0,543,32
237,992,652,1085,720
237,916,585,1057,670
237,384,577,799,720
237,1053,400,1280,720
237,854,325,999,609
237,0,267,919,720
237,369,255,424,310
237,0,176,131,224
237,744,103,1021,453
237,0,96,661,385
237,690,73,762,134
237,416,51,637,96
237,1081,0,1225,51
237,923,0,1139,180
237,796,0,888,42
237,10,0,577,57
238,992,652,1069,719
238,838,633,951,720
238,926,586,1054,673
238,376,574,730,720
238,1241,549,1260,630
238,897,529,1001,609
238,881,475,979,528
238,1053,384,1280,720
238,910,315,960,490
238,0,277,919,720
238,370,247,423,301
238,394,132,661,269
238,750,99,1020,449
238,0,94,405,382
238,1081,0,1225,49
238,926,0,1139,179
238,797,0,887,41
238,0,0,576,57
239,992,647,1069,719
239,837,633,951,720
239,916,604,1054,673
239,881,474,997,609
239,1076,368,1280,720
239,905,306,958,489
239,0,268,919,720
239,371,247,423,294
239,395,128,661,270
239,751,95,1015,439
239,0,93,402,381
239,1081,0,1225,49
239,926,0,1139,179
239,798,0,887,41
239,0,0,576,57
240,837,633,951,720
240,922,603,1050,673
240,896,520,997,609
240,374,516,919,720
240,850,474,973,521
240,1072,353,1280,720
240,906,299,958,480
240,0,268,763,720
240,0,176,133,223
240,396,121,593,269
240,753,91,1012,439
240,0,90,392,358
240,1081,0,1220,49
240,927,0,1138,160
240,799,0,887,41
240,0,0,576,103
241,837,633,951,720
241,916,609,1054,673
241,373,539,737,720
241,732,474,997,719
241,1068,339,1280,720
241,906,288,958,477
241,0,260,766,720
241,0,176,133,225
241,396,117,599,258
241,0,88,390,357
241,755,86,1010,439
241,1081,0,1175,32
241,928,0,1138,160
241,799,0,887,40
241,38,0,102,23
241,0,0,576,62
242,130,664,213,720
242,837,578,1071,720
242,736,570,790,698
242,739,474,1017,629
242,1063,310,1280,720
242,116,281,282,382
242,906,279,955,465
242,0,234,770,720
242,0,175,134,225
242,428,105,639,258
242,0,85,406,333
242,714,74,1009,439
242,1077,0,1246,49
242,926,0,1135,159
242,802,0,885,34
242,0,0,576,106
243,777,704,908,720
243,130,660,224,720
243,992,651,1071,710
243,837,624,951,720
243,1161,622,1280,720
243,952,603,1054,667
243,738,570,783,669
243,740,496,919,629
243,882,473,1017,581
243,0,316,719,720
243,1064,299,1280,634
243,176,281,282,357
243,906,271,955,467
243,480,243,770,510
243,0,175,134,223
243,407,101,636,253
243,0,83,407,325
243,746,74,1007,439
243,1081,0,1159,22
243,926,0,1135,159
243,802,0,885,30
243,0,0,576,102
244,130,647,224,720
244,738,625,951,720
244,952,603,1049,673
244,1156,600,1280,720
244,739,571,781,647
244,924,519,1017,581
244,739,488,919,624
244,882,473,979,521
244,177,325,256,357
244,1064,288,1280,611
244,190,281,278,321
244,906,264,955,456
244,0,240,770,720
244,0,176,133,222
244,420,97,631,240
244,0,82,411,316
244,748,70,1007,357
244,1081,0,1158,17
244,956,0,1135,158
244,928,0,1041,23
244,802,0,884,29
244,0,0,576,123
245,717,633,952,720
245,952,608,1049,673
245,1149,576,1280,720
245,739,571,780,641
245,924,519,1017,581
245,882,473,979,521
245,192,282,278,321
245,906,279,955,434
245,1063,276,1280,586
245,0,232,919,720
245,0,176,133,218
245,470,92,624,237
245,0,80,418,308
245,748,66,1006,385
245,1081,0,1156,14
245,954,0,1133,158
245,930,0,1038,18
245,803,0,885,28
245,0,0,576,131
246,992,651,1078,709
246,717,633,958,720
246,952,608,1049,662
246,1033,575,1097,650
246,741,571,780,630
246,1145,554,1280,720
246,882,473,973,516
246,906,295,955,419
246,0,287,1017,720
246,1063,266,1280,567
246,510,227,770,479
246,0,180,216,299
246,0,176,133,218
246,470,87,617,230
246,156,77,420,298
246,753,62,998,331
246,953,0,1129,157
246,932,0,1037,14
246,803,0,885,27
246,0,0,575,102
247,741,574,780,614
247,896,519,1017,608
247,1133,515,1280,720
247,881,473,973,516
247,901,295,955,418
247,3,283,1066,720
247,1057,249,1280,525
247,516,215,772,457
247,477,77,610,223
247,0,75,445,299
247,756,55,989,314
247,952,0,1128,157
247,809,0,884,26
247,0,0,575,102
248,1126,499,1280,720
248,882,473,972,520
248,801,374,912,416
248,902,295,955,416
248,4,281,1086,720
248,1056,235,1280,506
248,521,212,772,447
248,0,212,216,299
248,0,177,132,218
248,478,73,608,213
248,133,73,447,271
248,756,51,988,306
248,950,0,1126,152
248,818,0,884,25
248,0,0,574,95
249,162,648,202,706
249,629,519,1086,720
249,1113,479,1280,720
249,882,473,971,514
249,738,408,807,534
249,801,373,922,416
249,902,272,954,433
249,4,268,749,720
249,1056,222,1280,486
249,0,222,214,299
249,523,206,772,439
249,133,72,458,263
249,473,69,603,206
249,756,48,984,306
249,949,0,1124,152
249,819,0,884,23
249,0,0,574,116
250,1120,462,1280,720
250,737,402,814,534
250,801,374,883,416
250,9,266,1078,720
250,901,256,954,418
250,1053,214,1280,467
250,527,200,774,431
250,133,70,458,256
250,482,65,608,198
250,756,44,983,302
250,948,0,1124,136
250,821,0,884,18
250,10,0,574,71
251,1110,444,1280,720
251,800,364,879,413
251,896,256,954,433
251,13,253,1088,720
251,1052,211,1280,450
251,530,195,776,423
251,0,177,130,215
251,71,69,458,249
251,473,60,637,194
251,763,41,985,302
251,948,0,1121,135
251,820,0,884,16
251,10,0,574,71
252,1064,638,1120,700
252,1033,576,1078,639
252,222,556,272,605
252,1102,411,1280,720
252,13,237,1088,720
252,1049,192,1280,418
252,534,186,775,401
252,371,109,470,240
252,71,67,374,246
252,510,51,632,184
252,754,34,983,437
252,947,0,1117,134
252,36,0,574,72
253,13,640,103,720
253,235,638,292,700
253,1064,579,1128,709
253,1010,576,1079,678
253,1096,397,1280,720
253,893,253,954,433
253,73,229,1088,720
253,1049,183,1280,402
253,536,180,776,395
253,371,104,476,240
253,71,66,374,246
253,516,48,641,178
253,763,30,983,302
253,947,0,1116,134
253,20,0,573,71
254,20,657,103,720
254,235,639,292,690
254,1064,579,1128,707
254,282,570,323,620
254,997,567,1076,678
254,1012,560,1077,639
254,1093,383,1280,720
254,83,228,1089,720
254,850,218,954,418
254,538,176,775,386
254,1049,163,1280,386
254,387,99,482,227
254,71,64,373,246
254,529,42,642,170
254,765,26,983,273
254,947,0,1112,132
254,122,0,571,36
254,36,0,523,71
255,13,664,102,720
255,242,639,292,690
255,1065,579,1123,707
255,282,570,323,620
255,1000,546,1077,639
255,1096,367,1280,720
255,827,226,954,391
255,85,198,1088,720
255,541,171,774,378
255,1046,155,1280,373
255,388,96,488,221
255,71,63,365,237
255,526,38,642,162
255,764,24,981,273
255,947,0,1112,132
255,127,0,570,36
255,36,0,523,72
256,277,668,346,720
256,964,649,1068,720
256,1065,579,1119,701
256,283,571,322,620
256,996,530,1078,639
256,957,523,1006,576
256,1097,350,1280,720
256,893,218,954,405
256,85,199,1078,720
256,545,166,773,370
256,1044,155,1280,357
256,388,91,503,214
256,71,62,365,230
256,538,34,657,155
256,767,21,977,262
256,947,0,1111,130
256,37,0,523,71
257,276,668,346,720
257,1065,579,1117,701
257,283,571,322,620
257,985,519,1086,639
257,957,518,1007,576
257,1095,335,1280,720
257,897,226,937,363
257,94,203,1078,720
257,547,162,772,364
257,1042,146,1280,344
257,420,87,503,211
257,88,61,364,225
257,530,29,659,149
257,770,17,976,262
257,947,0,1110,128
257,20,0,345,72
258,278,668,346,720
258,1238,666,1280,715
258,283,567,331,620
258,960,492,1121,704
258,916,474,1004,569
258,1131,330,1185,365
258,1088,307,1280,720
258,829,250,897,301
258,896,218,937,354
258,95,203,1078,720
258,551,153,771,347
258,1040,129,1280,321
258,432,73,510,198
258,539,18,687,139
258,768,11,975,256
258,947,0,1107,124
258,20,0,355,225
259,1238,669,1280,709
259,278,668,361,720
259,1089,294,1280,720
259,898,219,937,353
259,102,202,1118,720
259,552,150,770,341
259,1039,122,1280,308
259,442,71,514,194
259,80,58,354,224
259,540,17,692,136
259,761,8,966,255
259,947,0,1106,123
259,38,0,224,73
260,903,684,953,720
260,278,668,381,720
260,953,647,1052,720
260,944,501,1003,569
260,942,458,1115,705
260,1087,282,1280,720
260,832,219,931,366
260,117,194,1078,720
260,556,146,781,334
260,449,67,518,190
260,75,57,354,212
260,545,16,688,131
260,947,0,1280,299
260,764,0,969,255
260,38,0,201,71
261,769,676,914,720
261,1067,575,1106,644
261,945,495,1004,569
261,919,495,945,532
261,1086,269,1280,705
261,835,211,930,365
261,117,184,1095,720
261,558,143,773,329
261,454,61,524,183
261,547,12,688,126
261,948,0,1280,297
261,766,0,966,215
261,38,0,352,210
262,279,671,382,720
262,1199,623,1250,691
262,319,509,362,568
262,1078,258,1280,653
262,898,226,928,320
262,133,180,1089,720
262,564,139,768,322
262,457,56,533,177
262,552,9,692,122
262,948,0,1270,270
262,763,0,964,215
262,39,0,351,210
263,318,509,366,567
263,944,501,1004,569
263,1066,240,1280,641
263,897,226,928,320
263,136,163,1084,720
263,568,130,773,308
263,474,48,545,164
263,556,5,690,112
263,948,0,1259,261
263,738,0,967,192
263,38,0,349,209
264,278,668,381,720
264,310,527,666,720
264,939,501,1004,569
264,1064,232,1280,621
264,883,161,928,319
264,140,158,1087,720
264,570,128,775,300
264,480,43,549,159
264,949,0,1262,253
264,760,0,967,190
264,556,0,723,106
264,38,0,407,206
265,949,683,1035,720
265,728,671,751,720
265,277,667,382,720
265,835,267,896,318
265,1056,218,1280,705
265,867,154,930,346
265,148,145,1084,720
265,570,124,766,293
265,483,39,549,153
265,948,0,1246,246
265,774,0,959,188
265,559,0,689,100
265,38,0,407,193
266,945,661,1048,720
266,277,652,377,720
266,728,645,755,720
266,1050,211,1280,720
266,166,127,1043,720
266,571,120,765,287
266,471,35,556,147
266,941,0,1215,241
266,788,0,955,165
266,559,0,687,95
266,38,0,407,186
267,274,650,377,720
267,942,641,1048,720
267,728,638,756,720
267,979,614,1035,658
267,361,457,399,500
267,1047,201,1280,720
267,204,180,239,206
267,713,146,1042,720
267,159,121,746,720
267,574,116,765,282
267,470,32,564,141
267,946,0,1201,237
267,788,0,951,164
267,562,0,697,92
267,38,0,407,183
268,128,697,188,720
268,555,669,643,720
268,1210,657,1280,720
268,1072,630,1117,688
268,728,609,758,720
268,1044,189,1280,707
268,192,178,238,206
268,577,108,769,273
268,170,24,1078,720
268,947,0,1175,215
268,785,0,949,172
268,572,0,703,84
268,38,0,570,181
269,59,682,104,720
269,109,679,208,720
269,540,669,670,720
269,1211,657,1280,720
269,791,634,936,720
269,728,591,759,720
269,1042,190,1280,707
269,190,176,238,206
269,581,104,772,266
269,170,20,1078,720
269,948,0,1173,206
269,785,0,941,165
269,575,0,701,80
269,31,0,570,178
270,64,683,101,720
270,90,664,115,712
270,114,663,228,720
270,1210,657,1280,720
270,797,634,936,720
270,728,581,759,720
270,1067,576,1106,642
270,1153,496,1280,707
270,1042,184,1280,501
270,187,174,238,206
270,1168,101,1208,144
270,582,101,769,259
270,170,17,1078,720
270,948,0,1167,200
270,786,0,940,164
270,583,0,711,76
270,16,0,571,177
271,70,678,104,720
271,1207,657,1280,720
271,93,647,251,720
271,1187,642,1238,679
271,802,634,936,720
271,728,571,759,720
271,1155,504,1280,642
271,187,172,238,206
271,1035,167,1280,501
271,112,124,160,156
271,583,97,774,252
271,170,93,1078,720
271,502,13,609,117
271,949,0,1201,190
271,786,0,938,178
271,588,0,717,73
271,16,0,571,177
272,1207,657,1280,720
272,832,634,936,720
272,1019,566,1099,650
272,1155,554,1280,597
272,0,177,131,215
272,185,170,238,205
272,1030,162,1280,490
272,585,93,773,249
272,90,10,1073,720
272,949,0,1194,183
272,786,0,938,178
272,591,0,708,69
272,16,0,573,176
273,1208,657,1280,720
273,837,634,936,720
273,1155,561,1280,604
273,996,532,1079,615
273,1149,506,1193,536
273,181,168,239,203
273,989,150,1280,489
273,728,97,1085,720
273,589,86,778,245
273,1149,74,1199,106
273,949,0,1155,168
273,787,0,937,176
273,593,0,721,62
273,17,0,752,720
274,1210,657,1280,720
274,837,634,935,720
274,849,584,919,638
274,1179,582,1243,609
274,728,572,759,720
274,1162,555,1280,604
274,0,178,131,219
274,177,166,239,204
274,973,145,1280,504
274,137,112,257,169
274,591,83,779,241
274,1146,72,1198,113
274,1179,0,1223,52
274,949,0,1154,159
274,732,0,1077,720
274,591,0,720,59
274,17,0,752,720
275,1160,678,1207,720
275,1205,655,1280,720
275,837,637,935,720
275,857,584,919,638
275,1148,508,1193,537
275,0,178,134,219
275,172,164,239,205
275,960,136,1280,490
275,137,117,256,168
275,594,80,779,241
275,1146,71,1191,105
275,1179,0,1223,52
275,949,0,1150,150
275,728,0,1078,720
275,0,0,752,720
276,1210,650,1280,720
276,154,543,402,720
276,1148,508,1198,536
276,0,178,130,224
276,167,163,238,205
276,960,131,1280,511
276,137,116,240,166
276,1142,57,1194,99
276,949,0,1144,141
276,728,0,1075,720
276,0,0,780,720
277,0,669,46,720
277,1160,650,1280,720
277,162,543,390,720
277,1149,509,1191,536
277,0,178,130,220
277,163,161,238,205
277,974,116,1280,502
277,133,115,234,163
277,1147,64,1187,99
277,1179,0,1223,52
277,950,0,1143,135
277,605,0,720,48
277,0,0,1069,720
278,110,664,171,720
278,1207,650,1280,720
278,0,621,103,720
278,169,516,401,720
278,0,178,130,224
278,157,156,238,211
278,961,108,1280,491
278,1134,47,1183,94
278,1179,0,1227,53
278,950,0,1138,119
278,728,0,1076,720
278,609,0,723,42
278,0,0,781,720
279,1208,650,1280,720
279,0,604,194,720
279,169,504,409,720
279,1116,401,1248,489
279,0,177,135,224
279,154,153,238,211
279,959,97,1280,468
279,124,96,206,158
279,1179,0,1227,53
279,950,0,1136,114
279,728,0,1070,720
279,0,0,782,720
280,1210,650,1280,720
280,0,491,414,720
280,1126,420,1232,469
280,0,178,135,225
280,154,149,238,211
280,964,96,1280,462
280,1179,0,1223,53
280,951,0,1131,107
280,728,0,1069,720
280,237,0,781,720
280,0,0,576,157
281,1210,653,1280,720
281,0,480,423,720
281,0,178,134,224
281,965,86,1280,459
281,1127,35,1182,66
281,897,16,924,72
281,1179,0,1227,55
281,951,0,1130,100
281,728,0,1069,720
281,634,0,735,34
281,237,0,782,720
281,0,0,580,202
282,1210,650,1280,720
282,907,272,960,422
282,0,178,134,224
282,969,78,1280,436
282,1124,30,1176,68
282,897,20,921,72
282,1179,0,1227,54
282,955,0,1127,97
282,729,0,1069,720
282,639,0,711,31
282,0,0,786,720
282,2,0,580,199
283,1210,659,1280,720
283,838,635,1069,720
283,0,446,445,720
283,0,192,91,226
283,133,138,248,212
283,113,111,158,148
283,610,47,786,201
283,949,0,1116,79
283,665,0,707,26
283,162,0,1280,720
283,12,0,584,137
284,1160,648,1280,720
284,1214,640,1250,679
284,810,436,889,465
284,797,416,882,443
284,902,258,955,392
284,0,193,91,226
284,113,109,247,213
284,665,0,707,20
284,0,0,1280,720
284,16,0,584,138
285,1160,643,1280,720
285,1208,617,1242,660
285,902,254,955,384
285,0,230,211,300
285,133,133,247,215
285,0,0,1280,720
285,563,0,680,48
285,15,0,583,144
286,838,635,1052,720
286,1160,602,1280,720
286,0,230,211,300
286,133,130,247,215
286,992,0,1108,60
286,0,0,1280,720
286,16,0,583,138
287,838,635,1052,720
287,1160,608,1280,720
287,1191,584,1228,620
287,882,396,1079,696
287,0,219,215,300
287,30,50,247,216
287,992,0,1103,55
287,0,0,1280,720
287,19,0,580,71
288,875,635,1069,720
288,1157,571,1280,720
288,1181,536,1236,584
288,881,396,1065,689
288,0,219,216,300
288,30,52,247,216
288,989,0,1098,45
288,0,0,1280,720
288,21,0,579,71
289,875,635,1069,720
289,1154,547,1280,720
289,1226,525,1271,563
289,1172,523,1217,564
289,882,396,1065,686
289,29,56,247,213
289,989,0,1096,40
289,0,0,1280,720
289,22,0,579,70
290,878,635,1052,720
290,1151,558,1210,718
290,1182,535,1280,720
290,915,523,1065,686
290,1162,509,1219,547
290,913,322,1056,569
290,26,57,246,212
290,990,0,1094,35
290,0,0,1280,720
290,39,0,578,70
291,878,635,1052,720
291,931,615,1065,686
291,1213,530,1280,552
291,915,524,1025,625
291,1147,518,1280,720
291,1170,491,1280,529
291,882,405,999,567
291,912,316,1054,569
291,26,57,238,212
291,990,0,1092,31
291,0,0,1280,720
291,38,0,578,70
292,878,635,1048,720
292,931,620,1047,663
292,915,527,1025,631
292,1208,514,1280,533
292,1139,503,1280,720
292,1163,480,1211,514
292,1209,475,1280,511
292,882,396,999,567
292,912,313,1045,569
292,26,56,238,212
292,990,0,1087,26
292,0,0,1280,720
292,40,0,543,70
293,877,635,1026,720
293,934,622,1041,663
293,728,566,768,720
293,914,547,1000,624
293,1132,492,1280,720
293,1198,484,1280,497
293,881,396,998,567
293,911,301,1045,564
293,55,96,237,212
293,41,66,142,98
293,0,0,1280,720
293,45,0,576,70
294,939,637,1025,720
294,934,622,1036,662
294,914,589,989,624
294,729,566,768,720
294,924,547,1000,609
294,1129,477,1209,712
294,1164,458,1280,720
294,1141,419,1187,471
294,911,404,998,567
294,911,291,1045,559
294,63,96,237,212
294,31,66,140,116
294,0,0,1280,720
294,45,0,576,70
295,939,637,1025,720
295,939,621,1031,656
295,935,591,988,624
295,1264,587,1280,714
295,729,571,761,720
295,924,547,999,603
295,923,501,998,567
295,1261,491,1280,567
295,1128,459,1263,720
295,1188,450,1280,486
295,1151,420,1265,635
295,911,404,962,505
295,1130,324,1193,361
295,911,290,1036,548
295,64,96,236,209
295,32,66,140,116
295,947,0,1270,407
295,0,0,949,720
295,45,0,547,70
296,939,638,1005,720
296,939,621,1028,650
296,935,591,988,624
296,731,571,761,720
296,1256,566,1280,664
296,924,547,994,601
296,1243,470,1280,512
296,1127,428,1280,720
296,911,404,998,566
296,911,284,1024,540
296,64,96,233,192
296,31,68,139,116
296,945,0,1263,352
296,0,0,944,720
296,45,0,369,70
297,939,639,967,720
297,940,621,1031,650
297,734,606,759,720
297,923,547,986,601
297,1247,464,1280,650
297,1122,415,1280,720
297,911,404,992,556
297,911,278,1024,537
297,64,96,233,188
297,37,69,139,97
297,950,0,1243,311
297,0,0,944,720
297,45,0,328,70
298,1250,663,1280,706
298,941,640,967,710
298,734,606,759,683
298,920,537,983,598
298,1151,446,1194,551
298,1233,430,1280,624
298,740,427,771,490
298,915,410,982,541
298,1171,395,1280,410
298,1111,370,1263,720
298,250,315,284,373
298,758,306,786,430
298,911,267,1014,518
298,1099,239,1148,283
298,64,96,232,184
298,39,69,131,96
298,961,0,1230,292
298,0,0,943,720
298,45,0,359,69
299,1224,647,1262,687
299,1235,598,1280,630
299,1172,581,1191,656
299,920,537,983,598
299,925,501,955,536
299,1226,436,1280,596
299,749,428,771,490
299,1230,416,1280,445
299,915,410,954,499
299,711,395,755,463
299,1110,390,1280,720
299,1141,359,1280,533
299,758,306,786,430
299,910,263,1002,506
299,64,96,222,182
299,53,69,131,96
299,973,0,1193,246
299,0,0,949,720
299,45,0,354,69
300,1168,573,1185,637
300,1170,565,1280,720
300,921,538,983,596
300,925,501,954,536
300,915,410,954,499
300,1218,398,1280,423
300,1108,346,1280,600
300,759,298,786,427
300,909,255,995,506
300,64,96,211,180
300,53,69,128,96
300,976,0,1192,240
300,0,0,946,720
300,45,0,289,70
301,1222,699,1280,720
301,1203,568,1280,644
301,916,410,952,502
301,1211,385,1280,627
301,1106,336,1280,720
301,757,285,788,425
301,909,269,973,484
301,54,97,211,177
301,31,70,128,96
301,977,0,1158,161
301,0,0,961,720
301,45,0,473,71
302,1212,674,1280,720
302,1205,585,1280,624
302,1159,560,1280,677
302,916,410,942,495
302,1103,325,1280,611
302,757,285,788,424
302,909,264,967,469
302,65,97,206,177
302,31,70,120,96
302,976,0,1154,161
302,782,0,948,305
302,0,0,800,720
302,45,0,473,70
303,1165,636,1280,720
303,1151,550,1280,640
303,1194,548,1280,587
303,1178,330,1280,576
303,1095,305,1280,561
303,763,276,790,385
303,309,267,341,302
303,908,260,967,452
303,54,97,205,177
303,33,61,106,121
303,980,0,1151,147
303,785,0,953,304
303,0,0,798,720
303,38,0,418,70
304,124,634,188,699
304,1159,616,1280,720
304,1189,530,1280,568
304,1147,507,1280,621
304,1095,295,1280,557
304,772,276,790,341
304,568,258,624,331
304,310,257,349,301
304,908,256,958,452
304,65,97,205,177
304,56,71,104,94
304,982,0,1148,146
304,0,0,961,720
304,45,0,341,70
305,125,634,186,684
305,1185,599,1280,720
305,1154,596,1198,695
305,1184,512,1280,550
305,1178,481,1280,542
305,1181,461,1280,500
305,916,356,953,433
305,1097,307,1280,602
305,1118,284,1280,464
305,773,276,791,340
305,908,251,953,383
305,65,98,201,177
305,56,71,104,94
305,982,0,1145,140
305,0,0,960,720
305,47,0,297,70
306,1181,579,1280,720
306,1150,576,1198,699
306,1141,501,1280,586
306,1179,495,1280,533
306,1173,448,1280,525
306,0,377,360,720
306,1102,300,1190,513
306,1116,276,1280,460
306,908,244,953,426
306,65,98,201,172
306,56,71,99,94
306,982,0,1144,132
306,154,0,956,720
306,47,0,374,71
307,1173,565,1280,720
307,1144,558,1198,699
307,1175,478,1280,515
307,1136,444,1280,570
307,1181,438,1280,503
307,0,377,352,720
307,1098,290,1185,482
307,1114,268,1280,433
307,907,241,954,410
307,65,98,190,172
307,986,0,1138,132
307,154,0,952,720
307,45,0,426,71
308,0,682,90,720
308,166,628,360,720
308,236,588,268,633
308,1169,535,1280,720
308,1138,531,1198,698
308,1167,446,1280,482
308,1162,408,1280,469
308,0,378,360,720
308,1097,250,1280,541
308,907,230,945,406
308,65,98,185,168
308,986,0,1134,126
308,262,0,958,720
308,48,0,296,70
309,175,628,349,720
309,236,587,268,633
309,85,551,186,712
309,0,521,124,720
309,1134,519,1180,635
309,1169,518,1280,720
309,1139,393,1280,465
309,120,377,360,553
309,1169,286,1280,391
309,1096,241,1280,530
309,907,224,946,402
309,54,98,180,167
309,908,68,937,117
309,988,0,1134,121
309,261,0,968,720
309,45,0,339,69
310,108,692,182,720
310,0,639,102,720
310,190,628,348,720
310,85,550,181,712
310,1166,501,1280,720
310,1128,501,1180,635
310,1123,419,1280,512
310,1159,416,1269,450
310,150,378,362,603
310,1150,373,1280,444
310,1094,251,1170,441
310,1104,233,1280,380
310,907,223,945,377
310,65,98,177,168
310,989,0,1133,119
310,224,0,958,720
310,47,0,295,70
311,288,671,348,719
311,213,628,299,714
311,90,598,213,720
311,0,519,123,720
311,1131,500,1172,630
311,155,498,237,607
311,1174,488,1280,720
311,172,438,287,496
311,1155,402,1265,436
311,250,385,352,443
311,1146,355,1280,429
311,1094,275,1280,495
311,1090,225,1280,364
311,899,212,941,409
311,65,98,177,167
311,907,62,936,110
311,989,0,1129,117
311,237,0,958,704
311,47,0,295,70
312,1236,668,1280,720
312,223,637,329,710
312,0,519,242,720
312,155,498,220,549
312,1173,473,1280,712
312,201,438,286,492
312,1151,388,1260,421
312,295,386,340,426
312,1144,342,1280,415
312,1091,217,1280,478
312,899,209,939,396
312,65,98,173,166
312,989,0,1125,107
312,261,0,958,688
312,45,0,339,69
313,1239,668,1280,720
313,106,616,268,720
313,0,520,148,720
313,1158,445,1280,712
313,217,445,284,492
313,295,386,338,425
313,1144,363,1257,394
313,1114,346,1280,450
313,896,202,939,377
313,1085,201,1280,387
313,65,98,166,164
313,908,52,936,99
313,990,0,1124,93
313,262,0,958,674
313,46,0,294,69
314,1241,668,1280,720
314,461,559,508,641
314,0,520,277,720
314,217,445,282,487
314,1158,438,1280,706
314,295,386,339,425
314,1126,310,1280,389
314,1086,239,1280,442
314,897,199,939,377
314,1087,193,1280,316
314,65,98,160,147
314,992,0,1124,93
314,288,0,956,673
314,47,0,293,69
315,0,519,286,720
315,222,445,275,484
315,1158,434,1280,720
315,295,389,334,425
315,1110,346,1280,429
315,1138,339,1280,371
315,1214,332,1280,362
315,1130,310,1265,357
315,1085,231,1122,352
315,901,193,939,371
315,1085,186,1280,305
315,65,98,158,147
315,992,0,1123,88
315,290,0,958,640
315,47,0,292,69
316,1242,668,1280,720
316,0,519,293,720
316,220,446,275,484
316,1168,436,1280,699
316,1108,345,1280,410
316,1135,328,1241,359
316,1129,299,1280,358
316,1083,223,1121,354
316,899,187,939,371
316,1083,176,1280,295
316,66,99,154,147
316,992,0,1123,87
316,291,0,956,634
316,45,0,332,68
317,1242,668,1280,720
317,314,553,403,626
317,0,519,297,720
317,223,446,271,478
317,1174,429,1280,712
317,1160,394,1196,428
317,1105,325,1280,398
317,1082,214,1114,343
317,899,181,944,370
317,1082,170,1280,348
317,66,99,150,147
317,992,0,1114,85
317,354,0,959,571
317,45,0,410,68
318,1247,668,1280,713
318,184,560,308,660
318,326,553,399,616
318,0,520,309,720
318,1158,382,1280,720
318,402,248,463,314
318,897,170,937,369
318,1077,150,1280,377
318,66,99,130,134
318,991,0,1109,85
318,368,0,958,541
318,45,0,355,67
319,1248,668,1280,712
319,260,589,317,663
319,187,550,269,632
319,0,520,305,720
319,1159,425,1280,719
319,1158,383,1192,425
319,1097,276,1280,365
319,899,167,937,369
319,1074,148,1264,316
319,66,99,118,134
319,992,0,1107,79
319,377,0,956,541
319,45,0,410,67
320,552,704,660,720
320,1250,668,1280,712
320,188,538,319,664
320,0,517,305,720
320,1166,425,1280,691
320,1158,384,1190,424
320,1096,234,1280,362
320,1074,185,1105,305
320,899,163,935,366
320,1074,142,1259,306
320,992,0,1106,79
320,379,0,956,532
320,45,0,410,66
321,506,687,710,720
321,1250,669,1280,704
321,0,506,320,720
321,1158,384,1280,684
321,1073,197,1280,358
321,903,157,943,344
321,1072,136,1254,296
321,45,16,236,63
321,993,0,1104,79
321,394,0,956,528
321,110,0,415,66
322,1257,686,1280,720
322,492,671,733,720
322,183,518,330,662
322,0,496,298,720
322,1157,387,1280,684
322,1071,172,1102,286
322,895,153,937,339
322,1070,130,1280,352
322,45,16,270,65
322,993,0,1101,74
322,394,0,957,528
322,110,0,418,64
323,1248,672,1280,720
323,1210,646,1267,720
323,492,634,773,720
323,1215,556,1262,633
323,0,479,350,720
323,1178,437,1212,482
323,1156,384,1197,427
323,441,229,494,274
323,1088,199,1280,339
323,1066,173,1097,269
323,899,147,929,333
323,1063,121,1250,266
323,995,0,1092,53
323,407,0,973,513
323,33,0,565,64
324,1176,640,1239,720
324,1235,619,1280,689
324,456,616,914,720
324,0,469,369,720
324,904,146,928,297
324,1058,116,1280,339
324,1001,0,1080,30
324,460,0,987,468
324,45,0,377,65
325,1221,684,1280,720
325,460,600,914,720
325,1174,599,1280,720
325,0,461,379,720
325,495,223,655,419
325,905,143,928,249
325,1056,111,1280,339
325,96,15,234,62
325,484,0,989,383
325,207,0,376,66
326,1220,661,1280,720
326,1153,590,1262,720
326,1245,582,1280,628
326,466,582,914,720
326,0,452,414,720
326,542,226,657,370
326,905,137,927,230
326,1053,105,1280,339
326,472,0,1004,342
326,168,0,375,72
327,468,568,932,720
327,1145,563,1280,720
327,0,442,438,720
327,430,237,573,392
327,550,227,656,355
327,692,208,757,313
327,905,139,922,204
327,256,115,344,146
327,1039,99,1280,352
327,174,78,301,106
327,467,0,1011,261
327,48,0,575,73
328,426,535,985,720
328,1085,532,1280,720
328,0,427,464,720
328,1231,426,1280,449
328,579,260,662,320
328,827,232,926,427
328,0,230,55,281
328,400,212,465,252
328,0,172,416,361
328,462,169,522,212
328,140,72,372,174
328,35,72,205,122
328,1010,52,1280,329
328,1215,0,1280,50
328,415,0,1029,409
328,10,0,580,82
329,1219,682,1261,720
329,1239,517,1274,547
329,1246,482,1280,514
329,796,431,941,517
329,1228,423,1280,450
329,1018,383,1123,495
329,799,318,903,466
329,1033,276,1096,391
329,805,238,899,309
329,398,158,527,253
329,1009,0,1280,328
329,0,0,1280,720
330,1233,500,1269,531
330,1242,471,1280,497
330,1225,407,1280,451
330,1197,341,1272,385
330,792,318,941,517
330,791,202,898,309
330,93,181,134,224
330,71,128,157,187
330,0,0,1280,720
331,1227,487,1265,516
331,1218,385,1280,464
331,1182,317,1274,386
331,0,0,1280,720
332,1223,475,1262,503
332,1178,298,1280,474
332,0,0,1280,720
333,0,0,1280,720
334,0,0,1280,720
335,1173,288,1280,426
335,0,0,1280,720
336,1175,297,1280,412
336,0,0,1280,720
337,1177,298,1280,400
337,54,192,93,235
337,103,170,136,221
337,0,0,1280,720
338,1178,298,1280,372
338,1157,231,1216,257
338,48,190,97,235
338,103,174,136,222
338,0,0,1280,720
339,127,690,211,720
339,1239,415,1280,438
339,1178,298,1280,363
339,48,188,97,256
339,103,150,138,223
339,0,0,1280,720
340,119,678,216,720
340,1236,403,1280,429
340,1178,299,1280,352
340,49,195,94,231
340,103,176,137,221
340,0,0,1280,720
341,120,668,215,720
341,1232,391,1280,419
341,1178,299,1280,341
341,0,205,44,272
341,51,193,94,233
341,103,177,137,221
341,0,0,1280,720
342,122,655,228,720
342,1178,299,1253,327
342,0,206,38,251
342,41,193,93,231
342,0,0,1280,720
343,0,216,38,241
343,0,178,130,227
343,0,0,1280,720
344,0,193,95,226
344,938,163,1061,199
344,906,67,924,122
344,0,0,1280,720
345,311,690,366,720
345,0,179,134,220
345,943,163,1056,191
345,70,126,152,158
345,899,62,924,124
345,0,0,1280,720
346,1209,626,1280,720
346,1015,273,1087,326
346,797,263,906,341
346,0,212,1280,720
346,0,181,354,306
346,0,179,134,231
346,944,164,1055,191
346,899,59,925,128
346,0,0,1280,208
347,1209,627,1280,720
347,797,264,906,339
347,0,212,1280,720
347,0,182,345,308
347,0,179,131,218
347,943,126,1032,162
347,465,82,540,123
347,898,55,926,130
347,452,17,560,44
347,0,0,1280,204
348,83,646,126,720
348,1209,633,1280,720
348,754,609,784,682
348,0,240,1280,720
348,0,219,210,301
348,0,179,131,218
348,647,104,691,145
348,31,52,189,133
348,887,50,927,130
348,978,0,1280,136
348,693,0,1023,207
348,405,0,743,148
348,36,0,574,89
349,1209,634,1280,720
349,754,595,785,697
349,0,253,1280,720
349,0,219,210,301
349,0,179,131,218
349,647,101,692,145
349,31,52,166,133
349,893,46,927,129
349,1000,0,1280,131
349,693,0,1012,198
349,415,0,744,147
349,36,0,574,88
350,1210,635,1280,720
350,754,587,785,697
350,0,245,1280,720
350,0,220,210,301
350,0,179,131,218
350,647,96,693,146
350,823,70,880,93
350,31,57,69,133
350,888,43,927,127
350,1074,0,1150,37
350,1002,0,1271,125
350,417,0,1010,198
350,37,0,574,84
351,1235,696,1280,720
351,1210,651,1280,720
351,407,586,496,720
351,1022,416,1080,478
351,484,279,1207,720
351,0,260,549,720
351,1073,237,1280,553
351,0,219,210,298
351,0,179,131,219
351,644,93,695,146
351,824,68,887,91
351,883,40,927,125
351,1073,0,1144,34
351,1009,0,1269,117
351,452,0,1000,206
351,42,0,574,82
351,37,0,104,18
352,1207,651,1280,720
352,418,591,483,720
352,128,526,405,720
352,489,273,1208,720
352,0,255,524,720
352,1076,229,1280,546
352,0,219,210,297
352,0,179,130,219
352,644,88,697,145
352,824,37,927,127
352,1068,0,1142,31
352,1010,0,1258,110
352,452,0,1000,202
352,42,0,573,81
352,37,0,104,18
353,1213,634,1280,720
353,128,506,346,720
353,489,258,1222,720
353,0,250,145,287
353,0,245,495,720
353,51,219,208,287
353,1080,215,1280,511
353,1045,95,1121,172
353,1132,92,1184,132
353,634,82,704,146
353,824,32,932,133
353,1013,0,1250,98
353,550,0,992,202
353,32,0,573,77
353,110,0,224,16
353,38,0,104,20
354,103,637,152,720
354,1213,634,1280,720
354,164,515,200,553
354,126,495,360,720
354,816,463,1207,720
354,499,250,954,720
354,0,241,492,720
354,1085,208,1280,472
354,0,179,130,217
354,1041,86,1187,172
354,825,29,937,152
354,1018,0,1231,94
354,558,0,965,209
354,110,0,225,17
354,30,0,572,76
355,1213,630,1280,720
355,87,623,174,720
355,165,507,206,562
355,128,486,362,720
355,816,475,1207,720
355,1132,444,1158,503
355,850,321,954,404
355,499,243,909,720
355,0,236,491,720
355,1085,201,1280,468
355,1040,79,1187,172
355,825,26,937,134
355,1018,0,1226,89
355,563,0,965,208
355,110,0,225,17
355,32,0,572,74
356,1213,627,1280,720
356,91,623,174,720
356,128,479,359,720
356,816,476,1207,720
356,1130,432,1158,503
356,499,236,909,720
356,0,231,485,720
356,1085,193,1280,445
356,1039,76,1185,172
356,825,24,936,133
356,1017,0,1224,84
356,563,0,964,208
356,206,0,571,74
356,110,0,223,16
356,32,0,221,52
357,103,634,152,720
357,820,472,1207,720
357,128,471,374,720
357,1127,422,1156,497
357,499,233,909,720
357,0,227,470,720
357,1085,185,1280,429
357,1035,73,1184,164
357,826,21,935,132
357,32,15,221,48
357,1017,0,1220,79
357,831,0,946,27
357,563,0,832,202
357,226,0,571,57
357,110,0,223,16
358,979,695,1048,720
358,1016,668,1072,720
358,837,612,941,720
358,129,457,383,720
358,855,448,1207,720
358,1115,393,1153,493
358,499,221,909,720
358,0,219,470,720
358,1082,171,1280,410
358,837,97,894,126
358,1034,64,1184,163
358,827,17,936,133
358,32,15,221,48
358,110,1,223,16
358,1015,0,1218,78
358,839,0,942,22
358,563,0,832,201
358,226,0,570,57
359,838,612,1078,720
359,766,450,834,568
359,129,450,377,720
359,880,436,1206,720
359,1116,382,1153,490
359,0,215,447,720
359,499,214,909,720
359,1078,166,1280,399
359,835,93,890,123
359,1034,61,1185,163
359,44,15,219,37
359,829,14,936,126
359,1014,0,1207,67
359,834,0,938,36
359,565,0,833,201
359,229,0,570,56
360,138,442,377,720
360,766,440,834,562
360,838,423,1206,720
360,1116,375,1153,453
360,0,211,434,720
360,499,205,908,720
360,1034,59,1280,390
360,44,15,219,35
360,829,12,936,126
360,1013,0,1164,61
360,839,0,937,17
360,565,0,833,201
360,229,0,537,56
361,105,690,148,720
361,838,624,1072,720
361,979,613,1090,720
361,142,436,384,704
361,766,432,835,562
361,881,406,1206,720
361,1112,366,1153,453
361,0,206,432,720
361,499,201,909,720
361,1066,145,1280,387
361,1032,55,1190,148
361,45,15,218,37
361,830,9,936,125
361,1013,0,1149,58
361,566,0,937,198
361,229,0,537,56
362,838,615,1079,720
362,194,452,240,493
362,145,428,393,696
362,767,422,837,562
362,882,401,1206,720
362,1109,355,1146,453
362,0,203,426,720
362,499,199,909,720
362,1031,51,1280,376
362,43,15,217,43
362,831,7,934,124
362,1013,0,1147,54
362,840,0,919,11
362,574,0,845,200
362,234,0,549,56
